node_id,x,y,u_x,u_y,u_mag,u_x_vp,u_y_vp,u_mag_vp
1,18.0,-4.0,0.0,0.0,0.0,0.0,0.0,0.0
2,18.0,0.0,0.0,-0.005690199223133195,0.005690199223133195,0.0,0.0001842900459550637,0.0001842900459550637
3,12.823,0.0,0.011007302259332321,-0.003068493393420969,0.011427001126007232,0.004213727022713267,0.0018634421545886074,0.004607375835054249
4,6.07,3.357,0.043482868608757594,-0.04951471114014315,0.06589739358835289,0.040542873050551174,-0.0320498600201098,0.05168092571250772
5,3.57,4.6,0.03279014695515167,-0.07294561280127977,0.07997659760389081,0.03282437213305502,-0.04827177917482783,0.05837468689965387
6,0.0,4.6,0.0,-0.029461460810144578,0.029461460810144578,0.0,-0.0020215294658364226,0.0020215294658364226
7,0.0,-4.0,0.0,0.0,0.0,0.0,0.0,0.0
8,18.0,-2.666666666670367,0.0,-0.003637923641117732,0.003637923641117732,0.0,-2.1775935715117288e-05,2.1775935715117288e-05
9,18.0,-1.3333333333388828,0.0,-0.005633651061505268,0.005633651061505268,0.0,6.166542107017593e-05,6.166542107017593e-05
10,16.705750000001736,0.0,0.0021096439468967767,-0.005545032888662524,0.005932789168597454,0.0002840932025269195,0.00017912305383514186,0.00033584820401072333
11,15.41150000000659,0.0,0.00409839509825456,-0.005165642602768034,0.006593990133517726,0.0005707023314385387,0.00014439212854933537,0.0005886851772351597
12,14.11725000000312,0.0,0.005945653951670218,-0.004885777873305521,0.0076955588712122455,0.0008684707808966699,-1.4592747422137106e-05,0.0008685933718078891
13,11.6975000000028,0.5594999999986086,0.05744384964138636,0.006770900214011301,0.057841515811139506,0.04945517843306121,0.012558469410261855,0.05102479620512369
14,10.572000000006355,1.1189999999968414,0.06495727092760546,-0.0001463883394194696,0.0649574358784909,0.05684428980917274,0.007055685237269106,0.05728050259972094
15,9.44650000001043,1.6784999999948154,0.059648382935343344,-0.010833079248813519,0.060624130449949,0.05209499886793164,-0.0017330723149648602,0.05212381842016849
16,8.321000000006915,2.2379999999965627,0.05502765298164938,-0.023308806039806475,0.059760714785468766,0.04861996651489544,-0.011864001765841122,0.050046535162880504
17,7.195500000003468,2.7974999999982764,0.04928346777484839,-0.03625860755985761,0.06118453087255212,0.04447135766315899,-0.02202402109539128,0.04962619426890248
18,5.23666666666919,3.771333333332079,0.039422335726901576,-0.05885106759104791,0.07083479872753666,0.03775301792905534,-0.03875726732129306,0.05410560167825273
19,4.403333333336619,4.185666666665033,0.035465284315587584,-0.06744810919297133,0.07620389639180168,0.03479300503200647,-0.04484511786404741,0.05675947317758976
20,1.7850000000047264,4.6,0.011345860826241316,-0.03665585623998197,0.038371608704544334,0.011157584434938321,-0.009809568479747136,0.014856625598756484
21,0.0,3.371428571430433,0.0,-0.027986469547412726,0.027986469547412726,0.0,-0.0015634258408530645,0.0015634258408530645
22,0.0,2.1428571428628977,0.0,-0.025265373768596253,0.025265373768596253,0.0,-0.0013448451217337141,0.0013448451217337141
23,0.0,0.9142857142950382,0.0,-0.021536189214199895,0.021536189214199895,0.0,-0.0011030367998170164,0.0011030367998170164
24,0.0,-0.3142857142763411,0.0,-0.016810195522004846,0.016810195522004846,0.0,-0.0006848964975755267,0.0006848964975755267
25,0.0,-1.542857142850993,0.0,-0.011497538211441356,0.011497538211441356,0.0,-0.00032870778578081815,0.00032870778578081815
26,0.0,-2.7714285714251004,0.0,-0.005894251862956985,0.005894251862956985,0.0,-0.0001609119936582205,0.0001609119936582205
27,16.941176470592275,-4.0,0.0,0.0,0.0,0.0,0.0,0.0
28,15.882352941184553,-4.0,0.0,0.0,0.0,0.0,0.0,0.0
29,14.823529411776832,-4.0,0.0,0.0,0.0,0.0,0.0,0.0
30,13.764705882369109,-4.0,0.0,0.0,0.0,0.0,0.0,0.0
31,12.705882352961385,-4.0,0.0,0.0,0.0,0.0,0.0,0.0
32,11.647058823553664,-4.0,0.0,0.0,0.0,0.0,0.0,0.0
33,10.58823529414594,-4.0,0.0,0.0,0.0,0.0,0.0,0.0
34,9.529411764738217,-4.0,0.0,0.0,0.0,0.0,0.0,0.0
35,8.47058823532527,-4.0,0.0,0.0,0.0,0.0,0.0,0.0
36,7.4117647059071,-4.0,0.0,0.0,0.0,0.0,0.0,0.0
37,6.352941176488924,-4.0,0.0,0.0,0.0,0.0,0.0,0.0
38,5.294117647070756,-4.0,0.0,0.0,0.0,0.0,0.0,0.0
39,4.235294117652581,-4.0,0.0,0.0,0.0,0.0,0.0,0.0
40,3.176470588234409,-4.0,0.0,0.0,0.0,0.0,0.0,0.0
41,2.1176470588162353,-4.0,0.0,0.0,0.0,0.0,0.0,0.0
42,1.0588235294077286,-4.0,0.0,0.0,0.0,0.0,0.0,0.0
43,5.289613033787287,2.7944161023401617,0.049528555922333024,-0.057689473335486005,0.0760338949776836,0.04538840789203448,-0.03832231318362775,0.05940292298126201
44,3.7058823529434948,-3.0830319253991636,0.002004368710712456,-0.003979435709769395,0.004455715710934772,0.00012591861635734497,-1.2672749182428798e-05,0.00012655471748294875
45,6.844740998275058,-3.0683231862885543,0.0034283663812447653,-0.0029908818338630614,0.004549623081990572,9.013044206666659e-05,0.00033168657968439064,0.00034371424720232703
46,0.9488561654006374,0.3041831692212979,0.0012354814826651378,-0.019205608157789985,0.019245305900519684,-3.426974336035674e-05,-0.0009281486477194928,0.0009287810977692795
47,8.937638511584115,-3.0706272377657506,0.004065108844532665,-0.002798125860249919,0.004935039842564297,0.00041025225309594075,6.031162604544548e-05,0.00041466179400391045
48,3.799774277961074,3.600709968511252,0.04033307780291,-0.072695595317759,0.0831348708043681,0.038487947346774715,-0.048966536653355576,0.06228197012613296
49,7.374586461857483,1.532636973251184,0.062470078355406605,-0.03371076658784227,0.07098539619999752,0.05495189054418027,-0.020490668661119933,0.058647913659049894
50,11.14553710304434,-3.057354507483023,0.003748934148327117,-0.0026226096583278503,0.00457521460354022,0.00038180281195183876,-0.0001245469723092506,0.00040160345556995947
51,9.419582822244216,0.4675919588207781,0.06604995997405876,-0.011433511789639786,0.06703224898821906,0.05725405334231458,-0.002701329064775845,0.057317744223240374
52,13.235294117665251,-3.083031925408213,0.0029233541951415028,-0.0024883917863673575,0.0038390224579587903,0.0004505453700319965,-0.0001939619762021741,0.0004905225567387512
53,15.30001778529515,-3.0776678281808976,0.0017855755091563826,-0.002507221880538831,0.003078058065916195,0.0002938162280465041,-7.374961190133181e-05,0.0003029306539772302
54,1.0980965747421922,-2.104990789034154,0.0010632824869520982,-0.008929641627953223,0.008992723127659058,2.3404860455596404e-05,-0.0002595827656519424,0.0002606357606247792
55,11.715665653069042,-0.6817583865753116,0.01124670573248675,-0.006131338941771917,0.012809438202046141,0.003759454614205437,-0.0005719283013877674,0.0038027096889190542
56,16.04463213411528,-1.006518386060312,0.0028367199148590636,-0.005481466337269162,0.006171989394188313,0.0004380975696092397,6.732455071140498e-05,0.0004432404264347005
57,13.564499522044315,-1.1000591490402165,0.0065843765470002145,-0.004989470076921884,0.008261284776666723,0.0013346980793406907,-0.00020345009457565372,0.00135011514471121
58,1.0438947664120612,2.7195506886993823,0.0009015145049660709,-0.026686374754450206,0.026701597816191105,-1.0271394514441146e-05,-0.0016326659847673633,0.001632698294040162
59,6.232018694255064,2.271131886294263,0.05507549568459527,-0.047329757377448566,0.07261829079723661,0.04934234342182195,-0.03084500478260345,0.05819004360194144
60,5.303041020272795,1.788664445540252,0.053088231821644634,-0.05303934786492594,0.07504353922813946,0.04732729745581796,-0.035103100559110534,0.05892453439217402
61,4.438600638808713,2.2874021086253955,0.04051364495680798,-0.05598553390534307,0.0691066960167581,0.036148282806770626,-0.03545950916660291,0.05063669756426326
62,4.400942169770457,1.2846566941509097,0.005803838917759808,-0.019581594487944522,0.020423598822773684,0.0004955460597766094,-0.001101967487870576,0.0012082624887349235
63,5.289060246302484,0.7567466653655238,0.007316560890633764,-0.01652240857419385,0.018069921094430546,0.0007747188913968858,-0.0006582997947208874,0.0010166356183101111
64,4.375467284703353,0.24110916491322626,0.006148562524502303,-0.01649835397837464,0.017606831205911652,0.0005376110432287898,-0.0007658829504840099,0.0009357362489738442
65,5.286358815306947,-0.2958339796530609,0.007368969200045416,-0.013418967892416037,0.015309160864296597,0.0008378208155760073,-0.0002825738354551039,0.0008841898503693956
66,3.575986857385811,1.791108624187703,0.003943408433642221,-0.022083807544049608,0.022433123405293857,-8.852818621350733e-05,-0.0012206988197512765,0.001223904754585263
67,4.359491425432339,-0.8145743383683559,0.005559944832552539,-0.012629091855168187,0.013798802398299032,0.0003118932507718752,-0.00021973479701978792,0.00038152428611868896
68,3.4432076049843254,-0.2657651732437276,0.004608131252936011,-0.015561865882671243,0.016229804169937873,0.00018415966851466695,-0.0005517699637227272,0.0005816913927281473
69,5.271944299093278,-1.361960942337023,0.00618403047263885,-0.009721755852284126,0.011521925608939962,0.0004860679019567625,0.00013475728546932277,0.0005044021523543584
70,6.207935316368033,-0.838481833865289,0.00824137540835889,-0.010165762188158033,0.013086748621704563,0.001116691987609675,0.0004578147326866622,0.001206894910361547
71,3.407543899675121,-1.3088571038923567,0.003900540523822922,-0.011443528871208909,0.012090019412894944,3.9626743486474714e-05,-0.0001840527396638151,0.00018827025728218187
72,2.524003016879289,-0.7795088012772754,0.003168467557291662,-0.01416977536857332,0.014519701121491342,2.3912037135783663e-05,-0.0004443359528827351,0.00044497890348216653
73,2.6083235792664867,0.28219761180312947,0.0035109078132884355,-0.018362185111737643,0.018694820559479287,7.733188197780235e-05,-0.0008953303823703261,0.0008986638490367925
74,2.344591423599323,-1.988360779691176,0.0023159436652843805,-0.00915662955269888,0.00944497008074294,5.01775932060188e-05,-0.00021887220152596275,0.00022455028715361367
75,6.269117536317398,-2.071643551744205,0.0060816731672125954,-0.006293022463960389,0.008751507312726406,0.0006062977127204569,0.000579047505527266,0.0008383871003942074
76,7.141153527760456,-1.390143820373327,0.008162773270450731,-0.007734603273241162,0.011245219217926249,0.0009823434249135003,0.0005509236792890278,0.0011262839361689155
77,7.148153204244171,-0.32221028492332576,0.009241402776804578,-0.010012354812019269,0.013625372441327862,0.001053045136098281,0.0007903416160642655,0.0013166411541279278
78,8.076677188761488,-0.8560095314255234,0.00902157285226674,-0.008129579543950648,0.012144086638779264,0.0007975497350799464,0.0005238762087807144,0.0009542179321583447
79,5.27645863838666,-2.351434830426675,0.004292521524207984,-0.006055674506968859,0.00742273095094665,9.15172333705739e-05,0.0003392865307486042,0.0003514125125137516
80,8.227965478944842,-2.0327428421836675,0.0071192264362662586,-0.005651545075201174,0.009089738543427034,0.0006871996483550774,0.0002354608673494447,0.0007264194220643435
81,9.064511574036242,-1.3158979128032047,0.008669547205136756,-0.0065798331690640356,0.010883715049320697,0.0008688294164517036,0.0003014850746117185,0.0009196509148070486
82,8.066478144896706,0.34165940133078565,0.05340286010304648,-0.020957027185386008,0.05736778238379588,0.044703985526343054,-0.010311690642232033,0.04587785180063017
83,14.731806611379367,-1.1018931081636973,0.0047073836085470494,-0.005024857401126175,0.006885394131033454,0.0007982181908531621,-3.37856019792214e-05,0.0007989328802283666
84,14.225896316430081,-2.2221616692771846,0.004103848293109537,-0.004018134702474882,0.005743429054153187,0.0007271906231363715,-0.00019209057856048664,0.0007521336269235452
85,0.9461621516988289,-0.8644726337590409,0.0011933605272387011,-0.01440058762279535,0.014449949246615992,3.3147912947815734e-06,-0.0005038021175587104,0.0005038130223584625
86,10.64753516216262,-0.08212230088559117,0.03466619447093192,-0.0032789873771514044,0.03482092470506763,0.02616859388609892,0.00353732370209384,0.026406589422887778
87,10.736619979736496,-1.1805018434498147,0.010204312584824824,-0.0061732970901361445,0.011926340272350847,0.002628743025490433,-0.00035181956929828447,0.0026521815366610606
88,11.740253886793024,-1.9305056744238427,0.007054148160245291,-0.004885100234806906,0.008580513421165573,0.0012464971846988656,-0.00046965319985561426,0.0013320395488110762
89,0.981136317432835,1.5149875368635104,0.0010869490173654474,-0.02349088455437828,0.023516018270818718,-9.729677348860473e-05,-0.0013795449838491826,0.001382971809038324
90,1.9100087906219714,2.0144035126689603,0.0019380525683822226,-0.02480590385858498,0.024881497422767268,-0.0001338850172781759,-0.0017829470986808794,0.0017879668773627053
91,2.708385008336622,-3.067193268271656,0.0015108451132148676,-0.004271696672376965,0.0045310093154750505,8.876849241085637e-05,-7.670891552168536e-05,0.00011732051383031582
92,1.6522661213182146,-3.067176072547423,0.0009341748416615517,-0.0044195690372289325,0.0045172196215842834,4.8521356062079714e-05,-0.0001105010045397252,0.0001206846883344838
93,4.283121967636355,-2.0459806002955694,0.003994943523694082,-0.007917337522786571,0.008868134370160924,7.156415266373548e-05,7.447269149173097e-05,0.00010328412135706522
94,7.858256370041708,-3.074291478122753,0.0038362154865016983,-0.0029618244455152315,0.004846540343887284,0.00027443942638757154,0.00011723232641669456,0.0002984299199360039
95,10.055892284182274,-3.1002565374430455,0.003825479137280269,-0.0025189659403011,0.004580336236365579,0.00035514783748689244,4.536198456798427e-05,0.0003580330936038765
96,12.206112256595624,-3.06076108346285,0.0034320293244832125,-0.0025957774824005423,0.004303125146013115,0.00044608062617480316,-0.00021665478707133057,0.0004959104977810291
97,4.465423085759113,3.2313711445750215,0.04482085475196956,-0.06624239597473085,0.07998102303153036,0.041988593624150666,-0.044372334597330504,0.061089656015986205
98,16.328466764621393,-3.0537026140284578,0.0011891651431341094,-0.0026550480639933025,0.0029091912896473055,0.00018317845146495633,-4.362362190791103e-05,0.00018830126252753523
99,6.191420507098076,0.20147469023260303,0.008355500680284142,-0.01273622919731366,0.015232397243531096,0.0007910483353470565,0.0005008089481870412,0.0009362516069089332
100,3.5052612573664668,0.770868032659077,0.004779015499838182,-0.019375048532122123,0.019955738391995954,0.00028669334428855706,-0.001134149405761592,0.0011698238962547865
101,16.97653544518402,-2.0000000000046247,0.001268131162629525,-0.004728064010825661,0.0048951757819405166,0.00019058781643331406,4.068005043420843e-06,0.00019063122629268245
102,6.242474272792263,1.197360599080274,0.05861603730585204,-0.0432468719512013,0.07284319984051112,0.0514154169291078,-0.028162230718033008,0.0586230017741305
103,15.462350954837703,-2.0190044913608247,0.0030089921476992116,-0.00439313654639948,0.005324817598775217,0.0005016274228311613,-5.1892687491545894e-05,0.0005043043945389807
104,14.269888702707284,-3.276572284573259,0.0019267969563655362,-0.002008261646658382,0.002783102828229408,0.0003174079402708911,-0.00010775187284571769,0.0003351988464311434
105,1.927150251533945,3.12515299795524,0.0014556512437549124,-0.02784997453981813,0.02788799028994315,7.482902997893036e-05,-0.0024788257822278975,0.002479954967809967
106,5.865504689605695,-3.1253072134301196,0.002902081635702363,-0.003021759207071453,0.004189642768280131,0.00013939058039975308,0.00031647332078750924,0.0003458107816052787
107,3.6863385673836406,2.746221161249321,0.02696833541315049,-0.05238649921469175,0.058920594149474474,0.023849840343722985,-0.029701137592443607,0.03809163239750094
108,12.962576531630056,-2.09764220852204,0.0055999614314917855,-0.004375130590347766,0.007106429181860065,0.0009890817221036817,-0.0004154766801211492,0.0010728017173383328
109,4.71125394632697,-3.1265808031318323,0.0024003215999294464,-0.0034942710885053937,0.0042392775590957155,0.00015137487030174963,9.350014632893188e-05,0.00017792309777654838
110,9.742846208313596,-0.6205802522491994,0.017685601639850865,-0.006782066710897379,0.018941407926407108,0.009182633480614183,0.000529082600635191,0.009197863123442937
111,2.714509023292371,1.3497306930994992,0.003355598074131965,-0.022174187278494337,0.02242664976979081,3.79202289155227e-05,-0.0015172210015491662,0.001517694801764459
112,9.484186535798782,-2.240722760357461,0.0066969746991058865,-0.004645796931284262,0.008150637965656102,0.0006994175924485138,0.0001224275392463,0.0007100517382503754
113,3.310304448027506,-2.2617373105504743,0.002933552696868094,-0.007599218575590845,0.008145787523923457,9.311526287722168e-05,-8.87183489783807e-05,0.0001286133648815077
114,10.535308335470102,-2.206815232233226,0.0066614245508335055,-0.0044706117509884504,0.008022527436819608,0.0008268273801926088,-6.933039083229994e-05,0.0008297290037892687
115,8.52562948580315,1.251677666678825,0.0647177257145311,-0.02067075501129944,0.0679386792217691,0.056543323042740984,-0.009943207645458413,0.0574109289159866
116,1.8271891703528962,0.8744978552889734,0.0023095932783430183,-0.02109242565736771,0.021218497619363886,-5.394012383805238e-05,-0.0012409815413766852,0.0012421532606716925
117,7.264987784538171,-2.3121794405299427,0.006151347237100429,-0.005314826264768805,0.008129357358122436,0.0006314952850273881,0.0002967526628892365,0.0006977452528994197
118,12.538824350853808,-1.2781575219430317,0.007728485083450841,-0.005452412952437514,0.009458239196014791,0.0015783040411641754,-0.0006078147084327594,0.001691296061055653
119,7.00462251817774,0.5901842757943042,0.05164169912532125,-0.02853250699983468,0.05899973766251695,0.04350494167432165,-0.015812661177413978,0.046289525851944346
120,8.87401918765045,-0.3966472672652728,0.024828969640017053,-0.010841054696836952,0.02709254879712684,0.016115294307284925,-0.002292243645665968,0.016277502619920108
121,1.7807088512575344,-0.24891212206906924,0.0023363120154736806,-0.016733200109484907,0.016895512414180056,-2.7784106128485656e-06,-0.0006999130262855743,0.0006999185409244169
122,17.059479889612454,-0.9514616328830149,0.0013878962414240416,-0.005762464323615857,0.005927246498831016,0.0002050927655723601,9.136178457491099e-05,0.0002245217543375953
123,0.9512090035901466,3.6832264516170117,0.0012071832506876257,-0.028507433705609656,0.028532982106335647,0.000728443608303818,-0.0017978475891304822,0.0019398159820511259
124,0.7618372450936272,-3.1887190866013357,0.0003871579667013609,-0.0039041777489548643,0.003923327055779903,1.817799841674362e-05,-0.00010359544107862474,0.00010517820610142552
125,2.7923006958320498,2.3731648855937553,0.0022951055622407114,-0.025165562166203748,0.025270002546159225,-0.00043597236677044146,-0.0020365063455875035,0.0020826497545688256
126,1.783287074808479,-1.252655184443869,0.002100227600301396,-0.012523046314250386,0.012697938610732372,7.407017057063734e-06,-0.00037962163928463057,0.00037969389370232673
127,17.288082027923966,-3.188401933363327,0.00048345342957544277,-0.002405582353055732,0.0024536816574081918,6.628226195201891e-05,-3.133669372686488e-05,7.331661901102224e-05
128,9.912694526671045,-1.5129036002185812,0.008849481823791389,-0.005876515084720371,0.010622935474272647,0.0014640232633043862,4.52496227458599e-05,0.001464722377740938
129,2.926760632119239,3.5075415022182614,0.019309932896348563,-0.051591462965916,0.05508677299883309,0.017713765305089554,-0.02657328381826904,0.031936137746604136
130,16.652501104902704,-2.5268513070165413,0.0013657987855162461,-0.003795906518482809,0.004034143356349391,0.00020770888617028106,-2.806567948790027e-05,0.00020959643069293028
131,16.21944320001086,-2.0095022456827247,0.0021477500031165686,-0.004561708603245575,0.005042024936155306,0.00033984163324483094,-1.3190996151518641e-05,0.00034009754198756505
132,15.895408859729548,-2.5363535526946412,0.0020531920308267016,-0.0036683455189877594,0.004203850183121164,0.00033088104520497333,-5.134028834705585e-05,0.00033484039673177795
133,1.7213439991707578,-2.046675784362665,0.0016847396064499649,-0.00907142454326537,0.009226542732014984,3.789666583185378e-05,-0.00024243277482088703,0.0002453768684870807
134,1.3751813480302033,-2.5860834307907883,0.0010864730984662323,-0.006690066681753208,0.006777714659086439,4.155462736520543e-05,-0.00018235009272155826,0.00018702498060692847
135,1.9984287724587688,-2.5277684261192994,0.0016107335293874137,-0.006854414037618547,0.007041125925716357,6.22625083814797e-05,-0.00017021090729614843,0.00018124120092443622
136,14.762957050862616,-2.6499147487290413,0.0028823247767308297,-0.003343829752094655,0.0044146340198877,0.000490838104880138,-0.00012215999232111216,0.0005058113372851773
137,14.247892509568683,-2.749366976925222,0.0031044517103516905,-0.0031483010596977676,0.004421472603601612,0.0005277216996528631,-0.00016206421830607803,0.000552046196562993
138,14.784953244001217,-3.1771200563770785,0.0018937320180392896,-0.002252482263040807,0.0029427703446685397,0.0003150998817167605,-9.161173724552604e-05,0.00032814729293270076
139,8.582801995264479,-2.551685039974709,0.005770639113318281,-0.004239549697653714,0.007160590577252305,0.0005556360385179059,0.00014206699059713009,0.0005735106251127321
140,9.210912523691448,-2.6556749990616058,0.005457882147806189,-0.003779800114243972,0.0066389281094902846,0.0005267327271861275,0.00011510432506271935,0.0005391626577732174
141,8.856076007371811,-2.136732801270564,0.006944631952063481,-0.005110078073208942,0.008622111740398163,0.0006769133884563881,0.0001912216234113539,0.0007034041830495342
142,2.5264882159679725,-2.527777023981416,0.0020207585928809996,-0.006730616103123092,0.007027421889876989,8.247045033717669e-05,-0.00014334204322115351,0.00016537326426491005
143,2.1803255648274185,-3.0671846704095396,0.0012246630877693302,-0.004357388134134961,0.004526215972536537,6.799590041727454e-05,-9.741811356050057e-05,0.00011880122610159586
144,15.381184370066427,-2.5483361597708614,0.0025002783447286296,-0.003577083127685979,0.0043642772028704415,0.0004161212749773419,-7.744102602359011e-05,0.0004232659069667139
145,14.844123635633892,-2.1205830803190047,0.0035878265341718666,-0.004176375728930067,0.005505870818363236,0.0006206327650584102,-0.0001123167587177374,0.0006307139473270796
146,3.994502160289925,-2.5645062628473667,0.0030555600515537592,-0.0060372365523930676,0.006766437202708833,0.00012838106311619532,1.34368734502361e-05,0.0001290823261913194
147,4.208568149635232,-3.1048063642654977,0.002211805557200968,-0.003745808161492206,0.0043500761608926694,0.000141407202408374,3.420433636490807e-05,0.0001454851659762143
148,4.497187956981662,-2.586280701713701,0.003363188473714993,-0.005699724706214193,0.00661799806862754,0.00013780890806580192,0.00010073727370371946,0.00017070235339779804
149,1.8560751257693355,3.86257649897762,0.0033641433060275987,-0.030385564139850794,0.030571227784969266,0.0026067974704387974,-0.0039321269166223485,0.004717734110811258
150,2.4269554418265917,3.316347250086751,0.00520048974625158,-0.031795380908682454,0.03221787300131833,0.0036641065992397614,-0.006509262634895183,0.007469683876887625
151,2.355880316061983,4.0537707511091305,0.012700132483496565,-0.0441056153984376,0.045897697924550215,0.011966303455331331,-0.017898412271909112,0.021530108690861298
152,8.043110924493275,-2.55351716015321,0.005684937512765303,-0.004426555949392696,0.007205061560954911,0.0005453962903792641,0.0001511448747127924,0.0005659521947226711
153,8.397947440812912,-3.072459357944252,0.003997125676676668,-0.0028837203059463093,0.004928778396121597,0.0003675955842996231,8.367319765652075e-05,0.00037699829920392013
154,16.51058378964965,-1.5032591930324684,0.0020240701532768116,-0.005242254969896774,0.005619439220669038,0.0003134579263123045,3.392343872233097e-05,0.00031528823521146147
155,15.753491544476491,-1.5127614387105683,0.003027582933134543,-0.005012656344390046,0.005856021007814209,0.00048824234830429324,5.752252257218947e-06,0.0004882762323559498
156,11.973183071694324,-2.4956333789433462,0.005283542140922675,-0.003852962745834076,0.006539200216822469,0.0007759910794146851,-0.0003566201352030178,0.0008540140959980619
157,12.58434439411284,-2.5792016459924447,0.00469177228219438,-0.003614828631493134,0.005922812945132573,0.0007281241699386926,-0.0003405984846930571,0.0008038483281217401
158,12.35141520921154,-2.014073941472941,0.0063406443392267555,-0.004625699133208584,0.007848621732988217,0.0011101216727175496,-0.0004733698603635317,0.001206834351904933
159,6.556929267296228,-2.56998336901638,0.004878469563668059,-0.004589336947299348,0.006697871221476456,0.0003063235473322644,0.0005062354524858741,0.0005916996273480318
160,6.067311112961546,-2.5984753825871625,0.004407212832916225,-0.004632203000105723,0.006393811819940427,0.00018987668646114515,0.0005510468856556039,0.0005828428829900938
161,6.355122843940377,-3.096815199859337,0.003166692873451567,-0.00295051848008442,0.004328221696735118,9.627964337251141e-05,0.0003802145700782366,0.0003922153605198504
162,8.646238526490542,-1.674320377493436,0.007984819208911337,-0.006200988746306983,0.010109876321242774,0.0007854285204477391,0.00026940524371537027,0.0008303476055689342
163,9.274349054917511,-1.7783103365803328,0.007811121729803791,-0.005666084911649875,0.009649774137452096,0.0007987279744655091,0.00018224795186764717,0.0008192561828596274
164,15.814242274958271,-3.065685221104678,0.0014933841997497195,-0.002576747672893761,0.002978225132159341,0.00023922144361370693,-5.634059835203089e-05,0.0002457664788112708
165,11.442895494918682,-2.493930090953433,0.005532957142499712,-0.003894524369060166,0.006766161009164803,0.0007496847702957599,-0.00029186529621272805,0.0008044952491759972
166,11.675824679819982,-3.0590577954729365,0.0036086129929559503,-0.0026193436775540035,0.004459041268487278,0.0004169019810862525,-0.0001891901956001807,0.00045782113531910766
167,3.796713207831931,-2.153858955423022,0.003457823107837663,-0.007796292259016245,0.00852869941040794,8.625193727764642e-05,-2.1691265847653685e-05,8.89376618661669e-05
168,3.5080934004855004,-2.672384617974819,0.0025583895684573098,-0.005788895056043857,0.006329033350668977,0.00012079161277154258,-4.573090206665825e-05,0.00012915854257377084
169,7.7205323033770945,0.9371481872909848,0.0649523513064024,-0.028822358080366473,0.07106008911859862,0.05665872687400922,-0.016873211397777192,0.05911781959661277
170,7.1896044900176115,1.0614106245227442,0.06369154202412106,-0.03326750462405873,0.07185638029654812,0.055734006096897486,-0.02018697303513097,0.05927725799942261
171,7.535550331537223,0.46592183856254493,0.05328046378836214,-0.026601340469363445,0.05955198683730009,0.044812688243478706,-0.014945629364652359,0.047239272482890476
172,11.137781111131563,-2.068660453328534,0.006941009693300297,-0.004762870799503583,0.008417989891610264,0.0010597915919691022,-0.00034847876533413216,0.001115614480139625
173,10.840422719257221,-2.6320848698581245,0.005264082717229314,-0.0035978788469583603,0.006376150802108023,0.0005877073335031624,-0.00011997763129035404,0.0005998287604503818
174,8.296053815349929,0.7966685340048053,0.06575866948334634,-0.022509626638740787,0.06950457469573851,0.05719863840490731,-0.0117206612564477,0.05838714015657671
175,7.950107973830316,1.3921573199650044,0.0636611022514059,-0.02727587449667215,0.06925827942868756,0.05576766640907697,-0.015346977590396452,0.057840836248054216
176,2.063939249203901,-1.6205079820675223,0.002254947588132536,-0.010837284591683207,0.011069395916054272,2.601454252863745e-05,-0.00028364852260623005,0.00028483897345635707
177,1.4406918247753357,-1.6788229867390114,0.0015583640941643205,-0.010762427750960145,0.010874665500355292,1.172510587553184e-05,-0.0003086466851285937,0.00030886931597143427
178,7.054864391406614,-2.6902513134092487,0.004821458800228761,-0.004186546491630717,0.006385423751708952,0.0003318109657034548,0.0003335604643721927,0.0004704902765767345
179,6.767052660427785,-2.191911496137074,0.006194852961261823,-0.005748429204260944,0.008451073395022345,0.0006460618803937361,0.0004752281587245763,0.0008020210447005997
180,5.579811168338225,-3.5626536067150596,0.0015080471341377528,-0.0015936849219512518,0.0021940915635487632,0.00010656780975792099,0.00012443978607846128,0.00016383515628781768
181,5.288379317966332,-3.125944008280976,0.00265859117251379,-0.003276760374822707,0.0042196286064743295,0.00015488058075637792,0.0001870767895212175,0.00024286975825120512
182,5.002685796698863,-3.563290401565916,0.0013709202983291616,-0.0017093011188813866,0.002191148735111352,0.00010963790146626784,7.02101327714371e-05,0.00013019190520808073
183,4.779790303011508,-2.198707715361122,0.004180212315511467,-0.006972930505282736,0.008129940641496487,8.332928914916472e-05,0.00021011781786671544,0.00022603819990252823
184,4.993856292356815,-2.7390078167792535,0.0033836594440715914,-0.004848596446653899,0.005912532345447227,0.00014430846268689672,0.00019224222628577443,0.0002403788800422499
185,12.720703187130438,-3.0718965044355313,0.003192424896603314,-0.0025471651377449974,0.0040840699013846675,0.00045631225194259304,-0.0002181372248584411,0.0005057714109574232
186,13.098935324647654,-2.5903370669651267,0.00431818329915731,-0.003529304972458425,0.005576979522442312,0.0007069190260551839,-0.00030498676238850577,0.0007699035229371487
187,6.632750000001734,3.0772499999991383,0.046353627942219595,-0.042934949013762526,0.06318281942284713,0.042457465033542155,-0.02713718659455415,0.05038911820365687
188,6.151009347127532,2.8140659431471313,0.04933251804237468,-0.04851741294407861,0.06919275030801615,0.044829996719899685,-0.03143911871705393,0.0547553357364488
189,6.713759347129266,2.53431594314627,0.05228339916213087,-0.04190115186389139,0.06700194292307945,0.04689280661075944,-0.02645892704574268,0.05384245659557165
190,5.679806516893644,3.075708051170081,0.04662740088506408,-0.053853743781189664,0.07123440343363942,0.042961994496258954,-0.03531272985005095,0.05561224559896196
191,5.7608158640211755,2.5327739943172123,0.052280144736850304,-0.052783738197032526,0.07429223749328652,0.047342524328350795,-0.03487840848684514,0.05880321409885447
192,15.728066067060935,-0.503259193030156,0.003470341968119216,-0.0054603099121882295,0.006469795801478636,0.0005156449973260976,0.00010795389056635508,0.0005268242645853014
193,15.07165330569298,-0.5509465540818487,0.004427314238925197,-0.00525128786467044,0.0068685613928845994,0.0006822661275390019,6.51272809870495e-05,0.0006853675156555289
194,15.388219372747322,-1.0542057471120048,0.003768431206198173,-0.005230695317269843,0.006446801319876151,0.0006065321019409387,3.13580691561283e-05,0.000607342176360323
195,5.772788087352029,-2.21153919108544,0.0050653930137771735,-0.00619345494684614,0.008001068088863856,0.0002345702929618292,0.00046796568729925384,0.0005234645229904902
196,5.570981663996177,-2.738371021928397,0.0037040368702464846,-0.004499392189821214,0.005827900068975918,0.0001190700620841297,0.00035586379458912853,0.0003752555395781546
197,0.8925000000023632,4.6,0.002264868695228923,-0.03077508803057584,0.03085831611569757,0.002137762793997122,-0.0034788579280221194,0.004083195102705813
198,0.4756045017950733,4.141613225808506,0.0005281095231973537,-0.029260373987524665,0.029265139424890868,0.00037129750193079156,-0.0020184432469304917,0.002052309668646365
199,1.3681045017974365,4.141613225808506,0.002600479728533695,-0.029653686232839094,0.02976749237027173,0.0021801291902022466,-0.002702817729810167,0.0034724900239666763
200,8.743030483570461,0.40462568007578187,0.061184307856291545,-0.016005874430757214,0.06324324109457569,0.05236986230312808,-0.0063194033613452275,0.05274976148279703
201,8.972606154023683,0.8596348127498015,0.06717001723546988,-0.016083875981774964,0.06906882279299711,0.05857791698904128,-0.006389430987525441,0.05892535266860404
202,5.296327027030041,2.291540273940207,0.05366953730621576,-0.05682143430123693,0.07816069748097869,0.048611276859954144,-0.03808507591362809,0.06175377919853916
203,5.76752985726393,2.0298981659172575,0.05646383856862563,-0.051838888521074294,0.07665138895678397,0.050642356047836845,-0.03452846366809573,0.06129325435441394
204,0.4744280827003187,-0.005051272527521605,0.0006265558393495496,-0.018048066482214506,0.01805893894907056,-1.1159920760784301e-05,-0.0007959168075757639,0.0007959950429575441
205,0.47308107584941445,-0.589379174017691,0.0006173473300727081,-0.015635372499037268,0.01564755542919081,1.1121323661157341e-06,-0.0005909316853954065,0.0005909327319100334
206,0.9475091585497332,-0.2801447322688715,0.0012439583459002465,-0.016861666522355528,0.016907490360117315,-1.0339638101062492e-05,-0.0007012226647830251,0.0007012988904322234
207,14.148153066711842,-1.1009761286019568,0.005619182842273539,-0.004976865841234684,0.007506291322387504,0.0010380950566891032,-0.0001289367552015641,0.0010460717153064892
208,13.895197919237198,-1.6611104091587006,0.005350927186087346,-0.0046627311983729325,0.007097427983367562,0.000992640530527983,-0.00023422375713709823,0.0010198999908100274
209,14.478851463904725,-1.6620273887204409,0.004584206712430719,-0.004650527206545861,0.006530111368201779,0.0008162832330251705,-0.00013691699382453737,0.000827686280976055
210,1.012515541922448,2.1172691127814462,0.0009720210652123104,-0.02524179518481343,0.02526050373811431,-0.00010495142587532529,-0.0015423998541875018,0.0015459664006668744
211,1.4455725540274031,1.7646955247662355,0.001535731192193149,-0.024206247564133768,0.024254914789188745,-0.0001261711652189492,-0.0015779480363077025,0.0015829842602565706
212,1.4769517785170163,2.3669771006841716,0.001324894195425957,-0.025900432843121383,0.025934297100367192,-0.00013263465138497348,-0.0017936829117898463,0.0017985800896248448
213,9.995791411125285,0.7932959794088097,0.06645020710601159,-0.004382755516796341,0.066594583641253,0.057908801400303016,0.0036539692623797906,0.05802396721174925
214,10.033558992203417,0.19273482896759347,0.053001415544962835,-0.00675851730100096,0.05343058680079938,0.04425704527380453,0.0009465617056196246,0.04426716656202573
215,10.609767581084487,0.5184388495556251,0.06011632866173392,-0.00039302528984193943,0.06011761339777275,0.05161056538722004,0.0067019061891563855,0.05204388538682299
216,11.181600407615832,-0.3819403437304514,0.019949886248645406,-0.004986529165965718,0.020563643511229177,0.011862996253524027,0.001138754267766321,0.011917526647483575
217,10.692077570949557,-0.6313120721677029,0.016482216407273504,-0.005897750095325147,0.01750562520686147,0.008305712880733292,0.0004979456372052994,0.008320625956909173
218,11.226142816402769,-0.9311301150125632,0.010670956781993491,-0.00621189100166947,0.012347344186495938,0.003072570744414578,-0.0004813248133047135,0.003110042532721244
219,15.097078783108536,-1.560448799762261,0.003861699323670254,-0.004812893337270465,0.006170629136674617,0.0006532451723358611,-4.567798735501203e-05,0.0006548402352550685
220,13.470125000001559,0.0,0.007924508220627199,-0.004013377455298414,0.008882850282284714,0.0020535249968299763,0.0007560137066923139,0.0021882690961836037
221,13.193749761022158,-0.5500295745201083,0.007653015858796426,-0.0049837177355272575,0.009132693699144769,0.0015897990298856567,-3.5667561986867276e-05,0.001590199085147348
222,13.840874761023716,-0.5500295745201083,0.006271214315241739,-0.0050846350833940405,0.00807351490485863,0.0010138082658103925,-0.0001533806330291992,0.0010253452191403211
223,4.864106836297999,2.5409091054827786,0.04968034991687091,-0.06044409082568726,0.07824081596971408,0.04534743082228479,-0.040381139259481766,0.060720885122629464
224,4.8708208295407545,2.038033277082824,0.048605148523872065,-0.05233936049078277,0.07142736954145641,0.0435351697423247,-0.033100457782872364,0.05468959050796358
225,11.23843693326476,-1.5555037589368288,0.008393429245211513,-0.005613116264898139,0.010097362462427302,0.0016315480042601253,-0.0005208632541569679,0.0017126725956049462
226,11.727959769931033,-1.3061320304995772,0.00866565855067521,-0.005716713933039137,0.010381447698134118,0.0018654421122552113,-0.0005966830240125001,0.001958546630877061
227,7.285043230930476,2.16506848662473,0.05613813261654536,-0.0350896912298028,0.06620254046693172,0.04974079874212082,-0.02123908434372476,0.054085541166415466
228,6.8033025780562735,1.9018844297727235,0.05895411159995456,-0.040535664724228634,0.07154528208886293,0.05225239606154322,-0.02573877356186688,0.05824772406404764
229,0.5490482873710961,-1.8239239659425734,0.0005850018149604878,-0.010234643568958734,0.010251348989627436,1.0945191045323276e-05,-0.00029059742549141995,0.000290803474720059
230,1.0221293632205106,-1.4847317113965974,0.0011665946139899626,-0.011688648539536346,0.011746720720022056,9.903660779661799e-06,-0.000345608505901809,0.00034575037505188536
231,0.47308107584941445,-1.203664888305017,0.0005768143883287336,-0.012985338124859684,0.01299814298488509,6.914651091526839e-06,-0.000410088938158552,0.00041014722917475163
232,14.424528305691243,-0.5509465540818487,0.005399098096788866,-0.00508089775778051,0.007413891170213397,0.0008579970752194913,-5.717692921684142e-06,0.0008580161263621729
233,10.635964157603299,-1.6936585378415203,0.008283967217709855,-0.005420294355488124,0.009899682003187171,0.0014514296268277518,-0.00020871184123331856,0.001466358958203737
234,16.058625000004163,0.0,0.003119518878473235,-0.005374864082665712,0.006214544387184055,0.0004260647829877392,0.00016803940636361727,0.0004580048486571143
235,16.37519106705851,-0.503259193030156,0.00250042137737863,-0.005662694937488384,0.0061901713239221915,0.00036277375442687063,0.00012594433142015023,0.0003840140251577227
236,8.470248666273578,-0.02749393296724356,0.03773302480823744,-0.014844342791176196,0.040547942908130456,0.0289348248028541,-0.005276279891866954,0.02941195702208849
237,9.146801004947333,0.035472345777752656,0.043523115900635484,-0.01192021014299092,0.04512596843895112,0.03466300428234666,-0.003183277643008818,0.034808865572300146
238,6.237246483523664,1.7342462426872685,0.05965564164643633,-0.04648501620008356,0.07562838297471433,0.05304862831427515,-0.03060433125982776,0.061243628712604754
239,6.808530367324873,1.364998786165729,0.06264830873937696,-0.039373653587581894,0.07399388613080946,0.05520349791023072,-0.025164994190414236,0.060668798522209334
240,0.5219473832060306,2.43120391578114,0.00048468197161604347,-0.02599926787492187,0.026003785236875687,-2.4141342927643135e-05,-0.0014400372182893605,0.0014402395614955554
241,0.4905681587164175,1.8289223398632042,0.000504622481939809,-0.02443651103869991,0.024441720798539977,-5.683478736626373e-05,-0.001355672075260831,0.0013568629144821436
242,0.0,-2.1571428571380467,0.0,-0.008745530231753458,0.008745530231753458,0.0,-0.000244496967740206,0.000244496967740206
243,0.5490482873710961,-2.438209680229627,0.00047029847816472766,-0.007441256085020135,0.007456103055981271,1.3121697967501773e-05,-0.00020789165835689155,0.00020830535416049405
244,11.706582826535922,-0.061129193288351535,0.026834881548190786,-0.002394625007268647,0.026941512515648906,0.01894157023333861,0.003369290265045488,0.019238898092006972
245,11.17251758108271,0.2386888495565087,0.047385213907686935,-0.0007209468025328264,0.04739069804686706,0.03908764512069817,0.005628986457865576,0.03949087856232719
246,0.0,0.30000000000934857,0.0,-0.01927081566481432,0.01927081566481432,0.0,-0.0008998980253447503,0.0008998980253447503
247,0.4744280827003187,0.6092344417581681,0.0006049055289989062,-0.020421647366960637,0.02043060429550491,-2.7227464502140746e-05,-0.0010170282253179862,0.001017392621320141
248,12.260250000001399,0.2797499999993043,0.031932575132771875,0.004088745700379572,0.03219327873970734,0.024365963333618137,0.009351634838049223,0.026098912684620394
249,12.269332826534521,-0.3408791932876558,0.012083702097987413,-0.005159839389838197,0.013139246512712638,0.004838001195059388,0.00015981557080058627,0.004840640100241535
250,0.9649962414167362,0.9095853530424042,0.0011872143944547837,-0.02145894875334712,0.021491764925598327,-6.696494061698565e-05,-0.001165955274327609,0.001167876707963733
251,0.4905681587164175,1.2146366255792742,0.0005739094224996276,-0.022545865954390537,0.022553169259742194,-4.687381212929839e-05,-0.0012115486889048982,0.00121245510426189
252,10.009250000008393,1.3987499999958284,0.06275988487643751,-0.004368773689712906,0.06291175830681907,0.05484907933944693,0.0037293123220011482,0.054975715318492886
253,9.433041411127324,1.0730459794077967,0.06583220821321835,-0.011144315299590807,0.06676882058060653,0.05744685461726191,-0.0021186516279340546,0.0574859094921301
254,14.764375000004854,0.0,0.005033511985279271,-0.004977581936510817,0.00707902287329465,0.0007163230658608685,9.520588614809859e-05,0.0007226222356401434
255,0.0,-0.928571428563667,0.0,-0.014202211264980356,0.014202211264980356,0.0,-0.00048404498406827944,0.00048404498406827944
256,7.758250000005192,2.5177499999974193,0.05223130432389448,-0.029701854665174533,0.060085849598107775,0.046573931528745574,-0.016911826883965322,0.049549379275602365
257,7.847793230932199,1.8853184866238735,0.058847086057089874,-0.02860805419566604,0.06543241018236075,0.051753523000151964,-0.01617605178588244,0.05422261331130038
258,13.730595217047666,-2.6525967973426985,0.003703958724531821,-0.0033488943172215735,0.004993436029524594,0.0006267337318914211,-0.00022661446807822287,0.0006664452624431535
259,13.752591410186268,-3.1798021049907357,0.0024089080460693575,-0.0022440079161847627,0.0032921739781362667,0.00038707120029313116,-0.00014837749977146585,0.00041453588087739354
260,3.009344728182064,-2.664465289411065,0.0022233742345253446,-0.005988031162504318,0.006387480738904343,0.00010389536471438207,-9.283049458929608e-05,0.0001393260475820218
261,2.8274479358134146,-2.125049045120825,0.002653792123960412,-0.008384592743312918,0.008794544224029461,7.043450457112433e-05,-0.00015738682103367922,0.0001724286254346044
262,11.134750000004576,0.839249999997725,0.06480810729931981,0.0007785677813001016,0.06481278376609223,0.056663697951276765,0.00721120419753379,0.05712071543224976
263,5.770530917705338,-1.716802247040614,0.006232233942327745,-0.007979767043793556,0.010125088739616843,0.0005547402034782531,0.0003536498170473787,0.0006578790819388758
264,5.274201468739969,-1.8566978863818488,0.005257008241297537,-0.007860291310736066,0.009456231550607415,0.00021685464257242826,0.0003076092933937489,0.0003763634060152728
265,4.83091305000515,-0.027362407369917324,0.006794956026254248,-0.014987189195103352,0.016455615071110274,0.0006867829416791022,-0.0005588086945933265,0.000885402714099352
266,4.367479355067847,-0.28673258672756485,0.005990254378891998,-0.014631916558895411,0.015810633437984466,0.00047646975467739976,-0.0004990096818913298,0.000689952237291559
267,4.822925120369643,-0.5552041590107084,0.006507399984763414,-0.01315665630202052,0.01467800598212152,0.0005973577572328066,-0.00031150610637352763,0.0006737004857013272
268,3.7058823529434948,-4.0,0.0,0.0,0.0,0.0,0.0,0.0
269,3.9705882352980377,-3.541515962699582,0.001158658215405612,-0.0019676127588238975,0.0022834160437409357,9.251500192202031e-05,8.77151587870377e-06,9.292989331448614e-05
270,3.441176470588952,-3.541515962699582,0.0010118965490367965,-0.0020366113948610143,0.002274141728131803,7.80638360442235e-05,-1.2681721991891683e-05,7.908722128523064e-05
271,0.0,1.528571428578968,0.0,-0.023548200712408374,0.023548200712408374,0.0,-0.001258365101855452,0.001258365101855452
272,0.0,2.7571428571466656,0.0,-0.02672306005387645,0.02672306005387645,0.0,-0.0014193008740963839,0.0014193008740963839
273,0.5219473832060306,3.0454896300649077,0.0005017500957744725,-0.02730411322018533,0.027308723000157093,0.00010491808199681067,-0.0014851475108503438,0.0014888488616763159
274,7.6089153582609725,-1.123076675899425,0.008683351198705492,-0.007990468555021587,0.011800346425798223,0.0009201701409064277,0.0005468547316387993,0.0010704032818202203
275,7.684559503352649,-1.7114433312784971,0.00771827473084111,-0.006676676915511111,0.010205379927021795,0.0008043925027142323,0.0003653112864568514,0.0008834589036483962
276,8.152321333853166,-1.4443761868045955,0.008303036895558441,-0.006989211684379213,0.010853087194806264,0.0008008828526949877,0.0003516299897872695,0.0008746753646117264
277,4.388204727236905,0.7628829295320679,0.006043632458748221,-0.018136339676805873,0.01911680700768091,0.0004987272781400987,-0.0009596527546492858,0.001081509272945449
278,3.953101713568462,1.0277623634049933,0.005294625575871993,-0.01959866750760256,0.020301251884113802,0.00035616388155959057,-0.0011521992125785065,0.001205991598641601
279,3.94036427103491,0.5059885987861517,0.005498017769662453,-0.01792816525516341,0.018752261431943952,0.00042253775441788207,-0.0009300400672138873,0.0010215246842498317
280,1.4041627438928657,1.194742696076242,0.0016703813829405448,-0.022372040190156248,0.022434312029443664,-9.644975777050105e-05,-0.0013429214892525937,0.0013463805858933025
281,1.868598980487434,1.4444506839789668,0.0021567767171999023,-0.023063610950263734,0.023164236138344403,-0.00010931526485405104,-0.0015321678853801868,0.0015360625820976515
282,4.777533133364816,-1.7039707713162962,0.004952027192292219,-0.008839235144960086,0.010131863168297285,0.000134672317684709,0.00016571880320659198,0.0002135400545256003
283,3.2071336806400583,-3.07511259683541,0.0017621388264766227,-0.004134558141634222,0.004494408111234475,0.00010781946828174226,-4.8426795354374226e-05,0.0001181955678054472
284,2.9424277982855154,-3.533596634135828,0.0008853176170126858,-0.0021265308123009836,0.002303458395252344,6.524294968646648e-05,-2.860167000574539e-05,7.123691466443751e-05
285,4.815717862262808,-1.0882676403526894,0.005915465955987496,-0.01117756510610174,0.012646370988453181,0.00039093593045248613,-5.6624225782760454e-05,0.00039501544863998435
286,5.279151557200112,-0.8288974609950419,0.006934861632705365,-0.011640099377826658,0.013549325421970257,0.00071883691778737,-8.129205694417697e-05,0.0007234189055424675
287,10.195190685238108,-0.3513512765673953,0.02648460765482828,-0.007400015245792746,0.027498993950109407,0.017924713342104926,-0.0002844766525115488,0.017926970613086263
288,10.239733094025045,-0.9005410478495071,0.012603401926522184,-0.0067761168452907805,0.014309489844941943,0.004491979135501039,-0.0002526835001579169,0.004499080517731231
289,4.321306696534347,-1.4302774693319626,0.004808844129031373,-0.010264476449014239,0.011335098527568583,0.00011182306461671263,1.0794708109735512e-05,0.00011234288363509225
290,2.647058823525322,-4.0,0.0,0.0,0.0,0.0,0.0,0.0
291,2.4130160335764286,-3.533596634135828,0.0007312359958313611,-0.00217356338098515,0.0022932692499484397,5.081324496517892e-05,-4.093104378534787e-05,6.524826594821771e-05
292,3.8835176625537304,-1.0617157211303563,0.00467233400207101,-0.012063997255922493,0.012937184192003078,0.00011511349588793837,-0.0001698987390256531,0.00020522353290509688
293,3.8453329336557385,-1.677418852093963,0.004026779193747302,-0.009657529221425733,0.010463403907805915,5.221931979329086e-05,-3.7338309114468005e-05,6.41950674678479e-05
294,3.909337444843839,-0.012328004165250678,0.005407730123228491,-0.016114247298032756,0.01699742660133671,0.0003693273613882249,-0.0006693929040531375,0.0007645191690642435
295,3.9013495152083326,-0.5401697558060418,0.005118578482673729,-0.014102935104997888,0.01500308715761767,0.00024167462282926808,-0.000390270860513655,0.000459040268261661
296,13.594236424030068,-2.1599019388996124,0.0048631991729035425,-0.004161090707985294,0.006400420460829995,0.0008703129088949817,-0.00029842052015164634,0.0009200540018046897
297,5.739939807730655,-1.100221388101156,0.007272170876663338,-0.010121831367823197,0.012463383950518415,0.000841500347761451,0.00018650692350068512,0.0008619209173679064
298,6.238526426342716,-1.455062692804747,0.007384791499339298,-0.008304843993655466,0.011113306404831517,0.000922211506884759,0.0005179910228924889,0.0010577281140386999
299,4.832263765502919,0.49892791513937507,0.006777911163160074,-0.01667657846339338,0.018001342977161616,0.0006636622833393873,-0.0007926819390949129,0.001033824106361677
300,5.287709530804715,0.23045634285623146,0.0074588480633607165,-0.015037923477745463,0.016786112026161034,0.0008221719566727922,-0.00046834209182834534,0.0009462087725852673
301,6.705135532038927,-1.7308936860587658,0.007278727878961157,-0.007105978941949077,0.010172257186062005,0.0008919360527982626,0.0005543017894877756,0.001050143036024472
302,6.674544422064244,-1.114312827119308,0.00833631134453435,-0.00879306319347254,0.012116602129203288,0.0011030341785020535,0.000630528818708188,0.0012705317745594729
303,8.570594381398866,-1.085953722114364,0.008853314321061685,-0.007403682441050057,0.011541043633719996,0.0007751409874619496,0.00032566285953425887,0.0008407733633527627
304,6.882352941198012,-4.0,0.0,0.0,0.0,0.0,0.0,0.0
305,7.128252852091078,-3.534161593144277,0.0018677875710226073,-0.00151904621901302,0.0024075156958915725,1.94705103851423e-05,0.00014644289305243202,0.00014773158667063716
306,6.598841087381992,-3.534161593144277,0.0017928017810002156,-0.0015364035334594127,0.0023610747645053756,3.9232955269298715e-05,0.0001794625167469326,0.00018370089737479743
307,3.4253757523297232,-0.7873111385680421,0.004301189956811003,-0.013519833693291764,0.014187534603969749,9.351680841426183e-05,-0.000330792981802934,0.00034375774939056423
308,7.941176470616185,-4.0,0.0,0.0,0.0,0.0,0.0,0.0
309,8.164422302683489,-3.5371457390613763,0.0020549759085328662,-0.001492087433744672,0.002539537535573995,0.00011275252400801757,6.316739611413307e-05,0.00012924106004679153
310,7.635010537974404,-3.5371457390613763,0.0019417611863852557,-0.0015082297931545325,0.0024586975442114144,4.125508278719748e-05,9.773613557661587e-05,0.00010608644613346775
311,9.000000000031743,-4.0,0.0,0.0,0.0,0.0,0.0,0.0
312,9.233525138161166,-3.535313618882875,0.002199122743715625,-0.0014389190132647243,0.0026280465689675413,0.0002339901282123742,2.243590933744704e-05,0.00023506328962354258
313,8.704113373454692,-3.535313618882875,0.002154217414597466,-0.0014723628464719798,0.0026093112158242187,0.00018593634923154845,3.743865747251403e-05,0.00018966807596140312
314,5.74714706583749,-0.567157906759175,0.007859900237886089,-0.011805384219107573,0.01418256423607085,0.0009856527862120556,5.3560955767979757e-05,0.0009871069804992605
315,10.05882352944208,-4.0,0.0,0.0,0.0,0.0,0.0,0.0
316,10.322063789164108,-3.5501282687215228,0.0020413675505439335,-0.0013281324777494985,0.0024353885428955195,0.00020272281010739806,1.4224036289235253e-06,0.00020272780019011636
317,9.792652024460246,-3.5501282687215228,0.0021120007145027098,-0.0013536067085541785,0.002508545024412126,0.00022998046790091687,1.626842937129118e-05,0.00023055515047409663
318,11.117647058849801,-4.0,0.0,0.0,0.0,0.0,0.0,0.0
319,11.396297963299002,-3.5286772537415114,0.0019568599646747255,-0.001392221891639288,0.0024015792131234074,0.00018649262321762932,-7.147004490742144e-05,0.00019971846643127795
320,10.86688619859514,-3.5286772537415114,0.0020374493812167107,-0.0013913208320594113,0.002467179287920286,0.0001839815546866709,-4.019290388114971e-05,0.00018832068921741926
321,1.588235294111982,-4.0,0.0,0.0,0.0,0.0,0.0,0.0
322,1.884956590067225,-3.5335880362737115,0.0005752968980053053,-0.0022091836864080437,0.0022828620372562945,3.727606228564272e-05,-4.935829420134232e-05,6.185261535286425e-05
323,1.3555448253629716,-3.5335880362737115,0.0004177038410617341,-0.0022344308765254346,0.0022731383241694617,2.5081676726826092e-05,-5.4713832271945876e-05,6.018881913870412e-05
324,2.965773458277205,-1.044182952584816,0.0035766497242208134,-0.012810853510273322,0.013300766553528076,3.309485328945299e-05,-0.00031076816197558865,0.0003125253906676002
325,2.434297220239306,-1.3839347904842256,0.0027749682183982848,-0.01169192687493705,0.012016721793484104,1.6042928335422823e-05,-0.00029029778926323996,0.0002907407470594722
326,2.8760676616372223,-1.6486089417917662,0.0030720168957254295,-0.010367107601756817,0.010812687354863567,2.605934510139206e-05,-0.0001993115360985724,0.00020100790504128433
327,12.176470588257525,-4.0,0.0,0.0,0.0,0.0,0.0,0.0
328,12.455997304778505,-3.530380541731425,0.0017657680252273376,-0.0013857035327571228,0.0022445736788109277,0.00021773304729193026,-0.00010680146343135764,0.0002425164581510079
329,11.926585540074644,-3.530380541731425,0.001865287236167952,-0.0013895929644351507,0.0023259976526683658,0.00020104539721989625,-9.643376725646446e-05,0.00022297695668068443
330,5.653333333334595,3.56416666666604,0.04144577960150424,-0.05423518559044176,0.06825839144607883,0.03916340497788645,-0.035457108123923387,0.052829715179750256
331,5.263139850228239,3.2828747178361204,0.04445320710193867,-0.0584224943751047,0.07341168483734038,0.041438959162342484,-0.03857201029672995,0.05661260738377388
332,4.820000000002905,3.978499999998556,0.03746029340209731,-0.06323910693795319,0.07350141650390891,0.03632135606786293,-0.04185995869323926,0.055421088480903914
333,4.434378209547866,3.708518905620027,0.04019553675162677,-0.06705634361451496,0.07818078020651417,0.03838622683301218,-0.04467427748644992,0.05890070864948732
334,4.851044876214152,3.50135223895355,0.04226221020477509,-0.06285087867534626,0.0757385460756654,0.03988941949458931,-0.0417084310687242,0.05771272831732909
335,3.9866666666683095,4.392833333332517,0.03345823851477452,-0.07148763529003391,0.07892994187171584,0.033171126627215386,-0.047769233163354435,0.05815688505012694
336,3.684887138980537,4.100354984255626,0.036588320450458796,-0.07399260107389642,0.08254459526259875,0.03569261174093574,-0.049651652317102266,0.061149399921075195
337,4.101553805648846,3.8931883175881423,0.03828557098795919,-0.07052851506534194,0.08024996188906403,0.03693057537959447,-0.04721483941061971,0.05994254297607433
338,12.680912175426904,-0.6390787609715158,0.009189186613612484,-0.005349294157209935,0.010632784141519813,0.0025797577686155577,-0.00027956968213592795,0.0025948621065293442
339,13.051661936449062,-1.189108335491624,0.007235857011377662,-0.005316227868164272,0.008978858804734023,0.0015048585446544409,-0.0005329704544573075,0.001596451297329145
340,13.235294117665248,-4.0,0.0,0.0,0.0,0.0,0.0,0.0
341,13.500000000017181,-3.541515962704106,0.0014808253013990898,-0.0013375397293137474,0.0019954588697230517,0.00022388991825282437,-9.256605421416406e-05,0.0002422708605838431
342,12.970588235313318,-3.541515962704106,0.001613470535445212,-0.001346932247890527,0.002101788202735301,0.00022349006251385218,-0.00010254459522667371,0.00024589266368203814
343,4.419771404289585,1.7860294013881526,0.025337849214690105,-0.03685201398909582,0.044722226441433865,0.02041630684451048,-0.017273281415251904,0.026743070803849214
344,4.851991595021627,1.5366605698455809,0.030180131422699995,-0.03563855360419902,0.04670060851520899,0.024589205608953987,-0.017330294870594537,0.030082688589638553
345,4.845001208036471,1.0207016797582167,0.00650839114505975,-0.018229283347146612,0.019356289072227893,0.0005603057636907986,-0.001056720917695271,0.0011960776089869189
346,12.127245001961425,-0.9799579542591716,0.00913891949367544,-0.005724385335487066,0.010783711651422265,0.0022807797574429427,-0.0005450481186647354,0.002345001866443064
347,2.9836053109318073,-0.5226369872605015,0.0038645164188171885,-0.014912014159769716,0.015404630909323343,7.391358749794146e-05,-0.00048516116991949125,0.000490759186581836
348,3.0257655921254063,0.008216219279700926,0.004085692811719075,-0.016981349672243948,0.017465941785164422,0.00013153561806655487,-0.0007263819317313812,0.0007381953193877374
349,2.5661632980728877,-0.24865559473707297,0.0033896171845611326,-0.01630268189314728,0.016651334528109882,4.901996728648482e-05,-0.0006434563719608724,0.0006453208967713788
350,3.9884645135781343,1.5378826591693064,0.004737395506084424,-0.02114795030935388,0.021672072315954694,5.92650474501924e-05,-0.0014559682162761899,0.0014571739061127
351,3.5406240573761387,1.28098832842339,0.004498177277012149,-0.020904639167401696,0.021383113373283448,0.00016650614583092489,-0.001279475233742968,0.001290263992507383
352,15.352941176480693,-4.0,0.0,0.0,0.0,0.0,0.0,0.0
353,15.591185363239852,-3.538833914090449,0.0008684444407264328,-0.0013723803658397982,0.0016240762344087254,0.00013924283979157366,-4.10370721276275e-05,0.00014516407862150317
354,15.061773598535991,-3.538833914090449,0.0010332478882477704,-0.0013534347951171368,0.0017027586274050244,0.00016953356860040713,-5.152195774267999e-05,0.00017718956801128968
355,7.144653366002313,-0.8561770526483263,0.008879866814626469,-0.008943828852035198,0.012603337223926116,0.0010666648350433506,0.0006723158207216137,0.0012608657474571332
356,7.6124151965028295,-0.5891099081744245,0.00919427500783024,-0.008932154941517518,0.012818661584537115,0.0009163227484645948,0.0007602256413106554,0.0011906260559302012
357,5.738889661202512,-0.04717964471022894,0.008023155709244655,-0.013325185318402719,0.015554150291949748,0.0009416924395210446,-6.398804080775221e-05,0.0009438639308806704
358,5.74024037670028,0.4791106777990634,0.007911079719628495,-0.014598808541302483,0.016604529296427636,0.0008224146764586882,-6.671781020999891e-05,0.0008251164561768636
359,7.351498684158383,-3.0713073322056537,0.0036314951275441907,-0.002987726253003742,0.004702580677060733,0.0001605983732329663,0.00021198218889254645,0.0002659479007113055
360,6.678044260306102,-0.5803460593943074,0.008879336458694119,-0.010064078201363354,0.013421187950023337,0.0011609459723822954,0.000721174726779801,0.0013667071878557579
361,6.199677911733055,-0.318503571816343,0.008582012880146627,-0.011547068918799013,0.014386999189910897,0.0011267019642674549,0.0004488777372796456,0.0012128266732346529
362,9.496765397883195,-3.0854418876043983,0.003973322851553895,-0.002640202538728485,0.004770530780551438,0.00039100462447342384,6.5667781948958e-05,0.0003964806097978804
363,4.8775180597732,3.0128936234575914,0.04708006465350839,-0.0623052440608551,0.07809273926083814,0.04360862605652989,-0.0416700574564601,0.06031671372814457
364,4.452011862283912,2.7593866266002083,0.04653437244476542,-0.06384017341260585,0.0790000984820888,0.04285743626851839,-0.042563107279219185,0.06040180415163471
365,3.474234431175396,0.2525514297076747,0.004799080605969267,-0.017530588047251668,0.018175607058501055,0.00027404719784033214,-0.0008398119226673273,0.000883394550638802
366,8.98606474290679,1.4650888333368202,0.06247486141665695,-0.016114300868340876,0.06451960168434011,0.05455804090573406,-0.006167132349223219,0.05490549470576316
367,10.600714693613307,-3.078805522463034,0.003794997891100087,-0.0025560991267502527,0.004575549337426875,0.00035590059448941053,-2.8858719667235622e-05,0.00035706870327536117
368,8.071577666829096,-0.25717506504736887,0.025851553170664385,-0.014974312327620497,0.02987528796548771,0.01721533354907155,-0.005227535770690756,0.017991521320878896
369,7.6073156745704384,0.009724558203729944,0.03159794042166489,-0.018940150488608393,0.036839640869886565,0.023064888370396143,-0.008120493231742429,0.024452637605493804
370,8.423314742905031,1.7448388333376939,0.06000527676694876,-0.02208480117170047,0.06394037599726532,0.052568754155411034,-0.010939555924248218,0.05369495132013623
371,5.82352941177984,-4.0,0.0,0.0,0.0,0.0,0.0,0.0
372,6.10922293304731,-3.5626536067150596,0.0016151852447942522,-0.0014929255153233554,0.0021994658372669887,7.522474873338154e-05,0.00016412941835135014,0.00018054702653423263
373,5.29605063328764,1.2727055554528879,0.03373220494356999,-0.035680241799482454,0.049101337102206724,0.027477711493296298,-0.018701938715768786,0.03323833841570903
374,4.007293748097262,2.0392553664065494,0.019778809799982592,-0.035218729698704314,0.04039257652953429,0.015526337668626078,-0.014426500602880716,0.02119412845684188
375,4.1325986818600935,3.4160405565431367,0.042682469103669796,-0.06946033550176928,0.08152626188415654,0.04036091103188299,-0.04662328873396634,0.061666313264977714
376,2.3122589069571715,1.6820671028842298,0.0025787458561955935,-0.023602212148621286,0.0237426693633924,-0.00010862698763583695,-0.0017135387620404764,0.0017169784248667905
377,2.2708490968226336,1.1121142741942363,0.002842001278494482,-0.021702701585561063,0.02188799276724293,-2.3218106421079177e-05,-0.0013871966110057983,0.0013873909031169812
378,4.764705882361668,-4.0,0.0,0.0,0.0,0.0,0.0,0.0
379,4.473274031989775,-3.563290401565916,0.0012381852400036144,-0.0018010497348165953,0.0021856081157988353,0.00010119727551429142,3.404014175532812e-05,0.00010676900215998199
380,3.0567924183164767,0.5265328222311032,0.004162007773399489,-0.018932340920382,0.019384422648905705,0.00017753430797492857,-0.00101138898664873,0.001026852527300041
381,18.0,-2.0000000000046247,0.0,-0.00484621068940282,0.00484621068940282,0.0,1.0895587488178246e-05,1.0895587488178246e-05
382,17.48826772259201,-1.6666666666717538,0.000683882246157657,-0.005264988866637429,0.005309218651781609,0.0001024449026372715,3.309395286462107e-05,0.00010765764158927967
383,17.48826772259201,-2.333333333337496,0.0005891308938844508,-0.004261801541944992,0.004302328159619371,8.463872267877365e-05,-9.931011335653252e-06,8.521935439114302e-05
384,6.6697868556711235,-0.060367797345361365,0.00897289935362006,-0.011133748070102105,0.014299414984491417,0.0010267351870003449,0.0008547956139244566,0.001335986783545826
385,18.0,-3.3333333333351836,0.0,-0.002050627967432715,0.002050627967432715,0.0,-2.7993301453400465e-05,2.7993301453400465e-05
386,17.64404101396198,-2.927534300016847,0.0003152122726798303,-0.0030610303211422284,0.0030772171525259764,4.2287388277721454e-05,-2.8758324124153987e-05,5.113965598027299e-05
387,17.64404101396198,-3.5942009666816634,0.00014672529287348187,-0.0013084955809451325,0.0013166962432245902,1.7707408057882784e-05,-2.189693051238349e-05,2.816075045151537e-05
388,16.411764705888416,-4.0,0.0,0.0,0.0,0.0,0.0,0.0
389,16.634821617606832,-3.526851307014229,0.0005469477650072024,-0.001457884756295814,0.001557106232819739,7.959686646528356e-05,-2.8858174577325998e-05,8.466673131181814e-05
390,16.105409852902973,-3.526851307014229,0.0007229510250061189,-0.001429747134310628,0.0016021345301274956,0.00011156643899719624,-3.426175659359599e-05,0.00011670877548579596
391,3.358924173851314,-1.7852972072214155,0.0034455912327338092,-0.009537154895405919,0.010140484329757489,4.615656110947171e-05,-0.00011365292367231106,0.00012266790612347044
392,18.0,-0.6666666666694414,0.0,-0.00591284029168562,0.00591284029168562,0.0,0.00012133675435611457,0.00012133675435611457
393,17.529739944806227,-0.47573081644150744,0.0007378165466458457,-0.005878700616090444,0.005924820182092159,0.00010356147079583565,0.0001387706212846616,0.00017315387250976425
394,17.529739944806227,-1.142397483110949,0.0006815425119566432,-0.005737342833255078,0.00577768145382796,0.00010088251107694568,7.733939105299906e-05,0.00012711672765469847
395,7.203070656149313,-1.8511616304516347,0.007278501975836041,-0.006567735872987082,0.009803659801807208,0.0008238015872192176,0.0004175565738549006,0.0009235813702507999
396,14.017297292538196,-3.6382861422866295,0.0010700606627454317,-0.0010685478821520612,0.0015122249827346618,0.00016983834543271494,-6.316373341004426e-05,0.0001812035341752951
397,17.352875000000868,0.0,0.001065407517928633,-0.005655026307862995,0.005754512639822892,0.00014144134499054347,0.0001829408879195091,0.00023124234591768078
398,16.882614944807095,-0.47573081644150744,0.0017371956437316751,-0.005782187341381306,0.00603751100665088,0.00024733782300469633,0.00013503890878190268,0.0002818004712091687
399,3.7430564226723573,3.1734655648802863,0.03731588117765949,-0.06633471878420481,0.07611024835227341,0.03477807754383196,-0.04304859121887744,0.05534162884822601
400,4.075880826571376,2.988796152912171,0.04214144471042507,-0.0647266875015403,0.07723629611266886,0.03909538575992854,-0.04234122544630658,0.05763010116260931
401,1.9185795210779581,2.5697782553121002,0.0016239816772318483,-0.026373656982916525,0.026423608745599576,-0.0001388434857578411,-0.002073549625987166,0.0020781928603882996
402,1.485522508973003,2.922351843327311,0.0011813136324837572,-0.027191876492660576,0.027217524668683574,-3.5135008710691397e-06,-0.0019231306199404587,0.0019231338294671393
403,14.546709057242058,-3.6382861422866295,0.0009469915307634465,-0.0010710845560025824,0.0014296905558354035,0.0001549378877915515,-5.198128379652186e-05,0.0001634252212433624
404,0.0,-3.38571428571255,0.0,-0.0029709127184426565,0.0029709127184426565,0.0,-7.795162477292799e-05,7.795162477292799e-05
405,0.3809186225468136,-3.594359543300668,0.0001061475057575096,-0.001962322511697089,0.0019651913222105658,5.645422876010092e-06,-5.021307346549531e-05,5.0529432475540504e-05
406,0.3809186225468136,-2.980073829013218,0.0002370085162315415,-0.00490474013932157,0.004910463203307652,9.568296408445478e-06,-0.0001325628035401885,0.0001329076716318305
407,14.29411764707297,-4.0,0.0,0.0,0.0,0.0,0.0,0.0
408,5.772757646532529,1.493012522310263,0.056885304675420766,-0.04781816492687188,0.07431362449099739,0.05037849382769666,-0.03132794035209027,0.05932480498957747
409,9.581214515278905,-0.07649414671421068,0.03947373145987884,-0.007824568312751077,0.04024176120210865,0.030666895065910152,0.00024285900740639126,0.030667856682217342
410,4.062469603096177,2.5168116349373584,0.03546691481390893,-0.0520132755808492,0.0629546097046629,0.03173167014743528,-0.030380334881762432,0.04393021326915755
411,12.750700441241932,-1.6878998652325359,0.006698464803515522,-0.004965040072658238,0.008337928618490227,0.0012753490063462077,-0.0005149296155895419,0.001375379073928149
412,12.139539118823416,-1.6043315981834372,0.007489734896177386,-0.005224402441824286,0.009131840432747215,0.0014291823440948977,-0.0005467077232408097,0.001530180220537351
413,13.263538026837185,-1.5988506787811283,0.0062954027584502205,-0.004873914260561145,0.00796160386545349,0.0012359502074348085,-0.00040225400392062977,0.001299761977797598
414,1.3634355014781816,-0.5566923779140551,0.0017597152859639268,-0.015609419131535934,0.015708296009167105,-3.077573870059313e-06,-0.0005975155045858313,0.0005975234302363266
415,1.3647825083290859,0.027635523576114332,0.0017962246830420612,-0.018008584701699488,0.018097943144740353,-2.1717696401309973e-05,-0.0008239411804076315,0.0008242273515896573
416,5.765767259547374,0.9770536322228989,0.03552851428717715,-0.032134036836360604,0.047904818660075635,0.028610621138184668,-0.01657873303615804,0.03306693259129031
417,6.21694738994517,0.6994176446564385,0.035237545200443525,-0.02940595955203853,0.04589547961324107,0.027747101946229376,-0.015168404615795198,0.031622494604362304
418,7.746476631741507,-2.172461141356805,0.006683376842184309,-0.005527107604604645,0.008672741463200895,0.0006764938211985564,0.0002489995745326356,0.000720863841676955
419,7.56162207728994,-2.693235459326348,0.0050905050993403575,-0.004149933341004752,0.006567738492144236,0.0004439739991804383,0.0001892580457166157,0.0004826297958236151
420,1.364724613253654,-1.058563909101455,0.001669783972166929,-0.013476042648564987,0.013579098054718068,5.911942606477184e-06,-0.00044143837829027296,0.0004414779642212377
421,16.80827439627268,-3.1210522736958923,0.0008263437339487733,-0.00253766411195262,0.0026688167999562432,0.00012082082233242275,-3.559033226374847e-05,0.00012595373301227272
422,17.132308736553995,-2.594200966683976,0.0008798911873411342,-0.003732633539947803,0.0038349395881948204,0.0001282989192131225,-2.398604888002257e-05,0.00013052181125057286
423,3.1452479403390914,1.5704196586436012,0.0037731694222941496,-0.02234999876312617,0.02266625801055562,6.635443478124814e-05,-0.0015184865802907108,0.0015199356583546937
424,3.109885140329419,1.060299362879288,0.004092210550283112,-0.02077907323604339,0.02117819802855529,0.00017643278754536987,-0.0013031866763637129,0.0013150756791808333
425,8.969265380843346,-0.8562725900342387,0.014192048346986709,-0.008778868439324548,0.01668780295180216,0.005828312077688441,-0.0010240368543405149,0.005917590147515843
426,8.47534818820597,-0.6263283993453981,0.01724420209856061,-0.01085845255268666,0.020378137742564938,0.008726157693791797,-0.0022091319868321763,0.009001449451736473
427,9.82777036749232,-1.0667419262338904,0.011565776453497099,-0.006698911067149418,0.013365724614020929,0.0035246803882073106,-3.976722315356118e-05,0.0035249047180102022
428,10.324657253203771,-1.3467027218341978,0.009656476789339776,-0.006075951088504457,0.011408975660108856,0.0021372373767706314,-0.00018039512547937155,0.002144837058138013
429,0.5294117647038643,-4.0,0.0,0.0,0.0,0.0,0.0,0.0
430,0.9103303872506778,-3.594359543300668,0.0002489947145898519,-0.001956534411957983,0.0019723146992986318,1.4145333604887307e-05,-4.930596691093774e-05,5.1294920175549954e-05
431,0.9299669099179098,-2.6468549378177446,0.0007148324777751607,-0.006450619700141976,0.006490106315549995,2.570091624822695e-05,-0.0001796349582355479,0.00018146419844224207
432,6.623548395485002,0.8937724374372891,0.05511549253341427,-0.0371625634842066,0.06647385683047533,0.04739052558875142,-0.023283568871631116,0.05280138724482618
433,3.631162712384726,2.268664892718512,0.015197132414480119,-0.03461750399625019,0.03780640708337199,0.011554618295945071,-0.012767244616845214,0.01721951622640287
434,2.351154743227011,2.1937841991313576,0.0022210634347203254,-0.025045792115670512,0.02514408132110686,-0.00020883944319726117,-0.0019096014436301503,0.0019209871385694637
435,2.3597254736829973,2.749158941774498,0.001798134231631629,-0.026218216863414138,0.026279805596921356,-0.00021784209844872377,-0.0018864121927327539,0.001898948693553183
436,7.076387861210955,0.13398699543548923,0.028076892386188563,-0.0194991503626981,0.03418374980795294,0.019818613840305838,-0.007693904802187948,0.021259671344032883
437,6.598021512637908,0.3958294830134536,0.03145917588391503,-0.02302066998878728,0.03898244469024169,0.023556945888037147,-0.009990917539731446,0.025588046679213786
438,17.470588235296137,-4.0,0.0,0.0,0.0,0.0,0.0,0.0
439,17.114629249258122,-3.5942009666816634,0.0003282161244327438,-0.0012861619460343117,0.0013273802679580626,4.4240091989848434e-05,-2.3326972394468277e-05,5.0013332026196146e-05
440,3.1841437766089307,2.0821367548907292,0.003084996520904615,-0.023687472609556982,0.023887518962054346,-0.0002894742460573859,-0.0016507825061094078,0.0016759708295812756
441,2.7534048595622105,1.8614477893466272,0.0029566791596323198,-0.02379717290213287,0.023980145741571528,-0.00012351379927557672,-0.001825029336833428,0.00182920412718596
442,0.0,3.9857142857152166,0.0,-0.02893336951878662,0.02893336951878662,0.0,-0.0017665452588672866,0.0017665452588672866
443,0.4756045017950733,3.5273275115237226,0.0005131540214305826,-0.02820779031876994,0.02821245756252726,0.0002409902652192429,-0.0015870254375907993,0.0016052183800002754
444,9.40367889117492,-0.968239082526202,0.012926627424592082,-0.00783551001987943,0.015115982066867076,0.0047001870852724555,-0.0006649454997983244,0.004746989693928567
445,9.308432697982024,-0.5086137597572361,0.021842728249902226,-0.008646264040638642,0.023491757262059338,0.013199665676259667,-0.0007403235833825846,0.013220410469162447
446,1.3880226678767669,0.5893405122551356,0.0017816014283242342,-0.02019177233355427,0.02027021888435087,-5.273626559491591e-05,-0.0010718977010803314,0.001073194202039033
447,2.661416301279429,0.8159641524513144,0.003518616640059862,-0.02033634536201262,0.020638498146492112,8.510379260660231e-05,-0.0011982197204679773,0.0012012381753983617
448,17.018007667398237,-1.4757308164438199,0.0013502111508248613,-0.005400933109408405,0.00556714905531689,0.0002047457686817219,4.475302810500511e-05,0.00020957973021653727
449,16.55205601186387,-0.9789900094716635,0.0021183376602872924,-0.005635885378395296,0.006020843665251684,0.000319355912223737,8.254586117862391e-05,0.00032985150881870444
450,9.770039409990527,-2.6704896489002534,0.005368991393352045,-0.003587389281013626,0.00645719989123922,0.0005360700290689109,9.880461808034827e-05,0.0005450994667213926
451,8.883750000008671,1.958249999995689,0.057575505655157386,-0.017115264675665588,0.0600655569887198,0.05052917121183553,-0.006896655823730221,0.05099765685701629
452,10.295600309826188,-2.653535884838136,0.005322032776102399,-0.003548761010424413,0.006396697396236335,0.0005447045787850399,2.5293340375031562e-05,0.0005452915103105081
453,1.2070516832059208,-3.1279475795743794,0.0006485016576915398,-0.004170494254252869,0.004220613311449519,3.233602748093246e-05,-0.00010928616837797573,0.00011396966821039219
454,10.009747435634441,-2.2237689962953437,0.006705068313135406,-0.00446635035656132,0.008056440069371082,0.0007593331201342724,0.00011238586540836606,0.0007676049570426423
455,1.7819979630330067,-0.7507836532564691,0.002251797624485582,-0.014651823147412849,0.014823849502902473,2.751415343114124e-06,-0.000515904331583739,0.0005159116684406884
456,2.8595306639756446,2.9403531939060086,0.008075504069412326,-0.0341889823718054,0.03512976347194378,0.005842947792054366,-0.010002028077314186,0.011583635204893769
457,0.9975518850011039,3.201388570158197,0.0009422575005727595,-0.02762908497587612,0.027645147599562013,0.000248072575033061,-0.0016507739798446407,0.0016693096582167275
458,2.1945162152620106,0.016642744867030115,0.002918495383164668,-0.017596442697131672,0.017836827377507247,2.1530107207681608e-05,-0.000794570970808546,0.0007948626127627401
459,2.152355934068412,-0.5142104616731723,0.0027792165065601213,-0.015467761254510728,0.01571545998744165,1.286096804688653e-05,-0.0005724478549458852,0.0005725923079567592
460,2.2177563748096913,0.5783477335460514,0.002922274646967136,-0.019770274272762813,0.01998508028336574,1.2011410007331611e-05,-0.0010816679702905403,0.0010817346587416073
461,1.8039490108052152,0.3127928666099521,0.0023763323214842274,-0.018971470507801465,0.01911971884025786,-1.7584770895054565e-05,-0.0009533600048693795,0.0009535221670480319
462,10.224001431070572,-1.8598594162259037,0.007727436494891967,-0.005096075103613851,0.009256525063124995,0.0010558350346207314,6.410398370342279e-05,0.0010577792496826593
463,9.698440531234914,-1.876813180288021,0.007655654627847667,-0.00526882967465677,0.009293525376380545,0.0008899030354250518,0.00013995993237729022,0.000900841936817873
464,1.4391796275620456,3.404189724786126,0.0013071743014990336,-0.0280256707597251,0.02805613883247319,0.00043141478927519595,-0.0018980480740482253,0.001946459660975161
465,2.1536450458438843,-1.0160819928605722,0.002621292100592993,-0.013375736813255809,0.013630169022213845,7.607222063467194e-06,-0.0004075857113848159,0.00040765669619495927
466,9.488603050353642,-1.414400756510893,0.008792956617410688,-0.006451624150903862,0.010905940594932304,0.001171165001832778,-6.922952737044817e-05,0.0011732093542833292
467,3.3632674550401562,3.5541257353647566,0.03409365684486879,-0.06657758182581862,0.07479941068503977,0.03235381872379893,-0.042123583244265295,0.05311464818060071
468,3.30654959975144,3.126881331733791,0.023694968769692147,-0.05150886449734115,0.05669757196566832,0.02137005277230251,-0.02758573400248956,0.03489486890571596
469,3.239319631607845,2.559693023421538,0.010437600148338963,-0.03329886845304645,0.03489639146258389,0.007472522646971398,-0.010307675488495548,0.012731330200950424
470,2.677500000002363,4.6,0.036021655477328385,-0.06965197618983981,0.07841528837208567,0.035890882573301565,-0.043615835890789545,0.056484480986752524
471,3.2483803160596194,4.0537707511091305,0.033922487179106134,-0.07488343516086605,0.08220866133144518,0.033010052008278626,-0.04978881172406854,0.059737670748732784
