element_id,material_id,x_centroid,y_centroid,sigma_x,sigma_y,tau_xy,sigma_vm,eps_x,eps_y,gamma_xy,max_shear_strain,vp_shear_strain,plastic,yield_function
1,1,16.25578438821437,-2.3575690351313026,41.975994635770014,49.37185459004354,3.196088337739708,16.743932978439393,-0.0009980459213610247,-0.0016848043456864242,0.0005935592627230885,0.00045385838423077574,0.0,False,-12.875021316821892
2,1,1.698318039886577,-2.3868425470909176,77.13833219330238,134.9020482105197,4.395736131414508,54.36211245213483,0.0008368861505298362,-0.004526887479640346,0.0008163509958341237,0.0027127705627323323,0.0,False,-3.044614315578567
3,1,14.598600934810838,-2.858800594010447,50.53974548134437,64.69761396264849,10.143967672244074,25.947549199947193,-0.000701818393979408,-0.0020164776101005075,0.0018838797105596144,0.0011486221766088185,0.0,False,-11.223284164428241
4,1,8.883263508775913,-2.4480309467689594,61.703409386244715,87.73837659098568,17.653994149697454,40.02553748747729,3.9029883788344044e-05,-0.0023785027852233197,0.0032785989135152415,0.002036766741765118,0.0,False,-0.6906223586122042
5,1,2.23508085108472,-2.707576706836752,82.8714977319474,139.1587054127527,6.271626797069295,54.026875990654915,0.000699675062272647,-0.004526994222373563,0.0011647306908842997,0.0026774367122936785,0.0,False,-4.404693373671272
6,1,14.996088352187646,-2.4396113296063024,46.22027882692544,53.642661985938574,7.17764359064838,19.679805353443605,-0.000940111491327304,-0.001629332784664237,0.0013329909525489833,0.0007503150789445859,0.0,False,-11.782764878143036
7,1,4.233419422302273,-2.7518644429421886,80.78063919527827,130.7055679691211,11.908038652664539,51.28959364999998,0.0006162377954707652,-0.004019648447814643,0.0022114928926377014,0.0025681774702534656,0.0,False,-2.557367919239681
8,1,2.2129702945526364,3.744231500057834,-1.4078345504188896,19.280781833929247,-2.547220689054007,18.795127704387607,0.014425986827756913,-0.015089839155430159,-0.010039246484246821,0.015588220339740866,0.014650265285615709,False,-0.01863474314934699
9,1,8.34128678685689,-2.7258871860240568,67.76093329427096,97.66071443950736,18.552690382779684,43.46616260580648,0.00016547683301315616,-0.0026996613682254682,0.0035530211334032927,0.002282157755645264,6.972195017276625e-05,False,-0.1875260426480061
10,1,16.161172844712333,-1.6751742924752537,36.15089878652117,34.32526467334749,1.3496395791825695,13.107319969800022,-0.0012733241288128544,-0.001103800961161014,0.00025064735041961986,0.00015129623148238833,0.0,False,-12.719254657528035
11,1,12.302980891672902,-2.3629696554695774,52.87856362041647,65.12676908713733,15.562564578925837,31.880512719154943,-0.0006676693871114456,-0.0018050027518783807,0.0028901905646576543,0.0015529591658063815,0.0,False,-6.851038356880164
12,1,6.326454408066051,-2.755091317154293,74.58603669931084,111.64237128328266,15.397073345916349,43.93727067733826,0.0006507324602713349,-0.003206549720735577,0.0031782175487733745,0.0024989844242834167,0.00026229744525619215,False,-0.07761082721220447
13,1,8.92555452959329,-1.8631211717814444,52.381047018057586,75.21169378225905,14.758421159400896,34.012182604228684,7.524111201901232e-05,-0.002044747516085409,0.0027408496438887384,0.0017325276732059066,0.0,False,-1.3278765228355098
14,1,15.696945168251412,-2.7167916445233935,46.141851713564854,58.51459180434881,5.881744235120216,20.930175159168247,-0.000801197765373273,-0.001950095059517496,0.0010923239293794697,0.0007926437660113971,0.0,False,-12.223807543999651
15,1,11.69730108214433,-2.682873755123239,56.82751725396133,75.72034602042433,17.370719615012888,36.9186506162758,-0.0004029717374094532,-0.0021573058371524476,0.0032259907856452496,0.001836076297610554,0.0,False,-4.42702050615887
16,1,3.7664362562024523,-2.4635832787484024,76.33493633200953,128.46697417158776,9.940844529456394,51.60545102564336,0.0007378062347387086,-0.0041030258503649865,0.0018461568411847588,0.0025904608836277896,0.0,False,-2.0449558472395353
17,1,7.481895708310643,0.8214935501254246,26.95970346038658,38.63277750137436,8.729049572272677,19.127728963391725,0.00631679242678301,-0.007416835735393042,0.024086734055003077,0.013863470885147776,0.012977853320337998,False,-0.11567363575297307
18,1,11.140366441769155,-2.3982251380466972,54.25520418851553,73.13476050476051,16.994891195577292,36.01757769592398,-0.0003106366860896907,-0.0020637383440267236,0.0031561940791786387,0.0018051957295888907,0.0,False,-3.43343935985094
19,1,7.988898030852447,1.0419913470869313,23.291501386440686,29.526315881579897,9.337488661706963,17.832452574745755,0.0019006868158220093,-0.0028705990748274512,0.011681736870335857,0.006309281760986642,0.005419433912236024,False,-0.05710685873444632
20,1,1.7419916910499982,-1.7820022510563998,66.7319766706509,124.22428291561928,3.8891628828589133,53.379119914491376,0.001036665144268432,-0.004384315031317191,0.0007336035032233796,0.0027351965269443597,4.159207141385001e-05,False,-0.8088437327985147
21,1,6.792948773043542,-2.4840487261875674,68.8438496386703,104.04048698286198,14.9576662200507,42.08372293226212,0.0007031819520878667,-0.0031298781923168153,0.0032415198000962926,0.0025099701534599945,0.00036556999976878794,False,-0.15108377314919963
22,1,5.290292094334474,-3.4172960055206505,90.8453117237974,134.13866027128884,16.944582285203687,51.0508016562098,0.0003001344728934968,-0.003719962177944996,0.0031468509958235413,0.002552638256392711,0.0,False,-2.841824813589888
23,1,4.756944850783328,-2.507998744618025,75.29063981222548,122.69860226642254,12.671475479417161,49.42014385499226,0.0006614055460391864,-0.0037412157380967595,0.002353525377903192,0.00249610475921791,2.591818532113935e-07,False,-1.027913312838379
24,1,12.801327635296976,-2.747145072464368,54.827039771583415,70.6161849444369,15.466567987158816,33.27550726919922,-0.0005887773077381496,-0.0020549122166459745,0.002872362626186638,0.0016124529936894251,0.0,False,-7.430292997513998
25,1,6.4991728980861785,2.808543962097513,8.459716240924404,8.575849337071825,4.290378609506283,7.7207017494384464,-0.00018887879754495018,-0.0001996625850443634,0.0007967845989083205,0.00039842878508283185,0.0,False,-4.417236189705197
26,1,5.8638772426807835,2.8075159962114746,8.97137156931809,12.147717004484534,2.7971245057558924,5.942536469045204,-4.4522192586035625e-05,-0.00033946855442292846,0.0005194659796403829,0.0002986797031790753,0.0,False,-5.458994982880732
27,1,15.395979581833748,-0.7028038314080032,28.76411073656897,14.227547799812584,0.24034456212746558,15.250847556273566,-0.0014733283663107763,-0.00012350466504053824,4.463541868081545e-05,0.0006752807462662653,0.0,False,-9.040740743071881
28,1,5.803693621436584,-2.516128531867,72.74037508318445,112.01454281981546,14.266093105647476,44.28039798953984,0.0008701680420536645,-0.003452493097485096,0.003110285649035802,0.0026626714097817534,0.0004091141924224292,False,-0.08529247884296964
29,1,0.9120696678649577,4.29440881720567,-5.763791985893782,6.029482578762849,0.9467807517250467,10.344225381979527,0.0036667304663930327,-0.00367659897412817,0.0012401476150284748,0.0037236559111673523,0.00317287440382169,False,-0.03457144606645812
30,1,8.67056348431469,0.6869763422767963,25.121276714447546,32.510496183369554,10.116821605404434,19.633639381860892,0.0034671547274086473,-0.004604101375281116,0.020271740388550778,0.010909727694310334,0.009952973050979273,False,-0.04863875431577025
31,1,5.284405758106441,-2.8677742823295422,80.49150318205733,124.79148991866579,14.98043112734855,49.210597479584635,0.0005125165529733547,-0.0036010536439974325,0.0027820800665075878,0.0024830137566002903,0.0,False,-1.2283560632209003
32,1,5.608224249438382,2.2847374780582257,14.228022898231007,19.560926202916246,1.741208518417974,6.076923251071725,0.0021969154977377753,-0.0026705299533618942,0.002534031202407798,0.002743781120744108,0.0024536765391191704,False,-3.989804495045327
33,1,0.6316727723664888,-0.2915250596046947,49.200856185079346,98.35110372237024,0.6074170421237058,45.20798440131911,0.0013018163827881626,-0.004123481174485508,0.0001425254264327032,0.002713584671709153,0.00043096494491281226,False,-1.4821337346487873
34,1,14.174067483284588,-1.474704642160366,41.14833271683206,33.229767397999574,6.129696846256018,16.904133702043104,-0.001409976563257984,-0.0006746812122235368,0.001138372271447548,0.0006775969822935904,0.0,False,-10.505432960588767
35,1,1.3116799581556224,2.0829805794106178,19.877894438089815,52.78028957264164,-1.4837048654730498,30.15619672069871,0.000992828276023858,-0.0027631282723780924,-0.0002681333237467326,0.0018827576233272142,0.0003503963798719626,False,-2.0468538072650606
36,1,10.21303932813773,0.5014898859773428,25.221973285850574,18.98190184623589,9.895777247948573,18.859277467649285,-0.005093579908655832,0.0040317674182799865,0.03136574140648468,0.016333108230031434,0.015394640049046414,False,-0.030184166063824236
37,1,11.03327359832272,-0.6481275103035724,45.85779038702733,35.36828169391635,14.01734468305859,27.861094739043953,-0.004266025278033867,0.0023697341853968178,0.01838947410626568,0.009775045544158934,0.00840196636825242,False,-0.024650873939283002
38,1,14.806684627549052,-1.7810197562672354,41.32475879384589,38.708183707348965,5.1658741678618005,15.261747342819685,-0.0012500985867759458,-0.0010071309001726592,0.0009593766311743344,0.0004948325012508698,0.0,False,-11.488267178329407
39,1,13.501583174015812,-0.3666863830134055,28.754620305576417,7.650350842922674,2.561819595207035,19.943776864735238,-0.0027271533016174953,0.001494944480268292,0.0009338387206884605,0.002162068710521358,0.0011618694146753616,False,-0.4837208441315921
40,1,5.010418230956265,2.2901608855019364,14.440132678222554,35.043618963680416,-0.8861300960630182,18.797418019668587,0.01123007325376886,-0.012290589787485595,2.8264919301267122e-05,0.011760340012154159,0.010863359404134895,False,-0.05926285422290878
41,1,11.39751317319952,-1.2642553014829898,46.87998554903075,46.67909188565316,15.391097468976902,28.82765585162572,-0.0010725108929649733,-0.000964816545688903,0.003894512291942519,0.0019480005174875206,0.0005214859404573728,False,-0.37453350358113013
42,1,6.934035052038673,2.2004229531812407,13.702597096561181,17.109240035536715,5.885573619657719,11.116474596587691,-0.0001491363758143599,-0.00046546750586209246,0.0010930351007935844,0.0005689444426752309,0.0,False,-4.1935370162272605
43,1,0.6814195754803404,-1.5041068552147294,63.40076563131565,120.61607157494856,1.3329265047865768,52.67655179616279,0.0011226662331175526,-0.004415080430804314,0.00025746954938859004,0.002771864385329851,0.00011256988264787295,False,-0.7841784787449768
44,1,14.1378520444756,-0.7339840857346379,32.12815469252706,16.620532199601634,1.633378418729382,16.271865284264813,-0.0015316609227621148,-9.166740556189887e-05,0.00030334170633545664,0.0007357984643197406,0.0,False,-8.967428529589409
45,1,11.004060733999873,-1.772607583368961,48.94596063845899,61.6485371861167,17.166149582341124,33.763231352846674,-0.0004887768441608513,-0.001668301809300497,0.003187999208149064,0.0016996042255880296,0.0,False,-3.020488725507974
46,1,16.053960711374533,-0.33550612868677065,26.115600409859727,6.680598780185534,-0.10221142914784583,18.065005813460154,-0.0015114116320499998,0.00029326709070546164,-1.898212255602833e-05,0.0009023892748341782,0.0,False,-4.90796720094412
47,1,8.786693384930457,0.13753469762876366,35.3737498784861,39.805062327417275,12.209297528254504,22.830862308224056,0.004222163467033996,-0.005652525658348149,0.055167261735637296,0.02802202817753941,0.02692496752364455,False,-0.02238768763200749
48,1,6.616359809634936,1.6670431528752403,19.060366104324885,25.47245903363173,6.258628867733049,12.629703004040891,0.0019868171445113214,-0.0026072777130006428,0.004919751750000343,0.003365622707666789,0.0027563485178567905,False,-0.9492285098511917
49,1,0.675010361281632,2.1257984561419305,19.12082865875338,49.70652733948488,-0.8853707024900263,27.99617734067467,0.0009528291136881446,-0.0026120444342614506,-0.00016233435539846083,0.0017842838798670302,0.00036239592591375534,False,-2.4539396305311314
50,1,0.36603219158073075,-2.139758834436749,72.67543086117108,131.9410522873035,0.847495074272528,54.87297195499934,0.0009575377411663402,-0.004551854805791291,0.0001574931638604008,0.002755821580451783,3.0785518801085765e-06,False,-1.931572728400969
51,1,11.353566938411488,-0.06812689582076474,31.8368211087194,23.169124313992288,11.750750770568217,23.07562400218614,-0.009530624403153908,0.008069520682704667,0.04328772909647927,0.023364463386591237,0.022293505230142705,False,-0.07552980373614915
52,1,0.31628538846687915,0.30139438974666505,42.2019435802892,86.64174571289327,0.09612900912246464,40.87845321036532,0.0012993536229013655,-0.003858225605358954,3.265465693981268e-05,0.002578841300972307,0.0005155930088307441,False,-1.9700140288835222
53,1,12.078721884357279,-0.04075279552556769,26.91849800739165,12.406791363055788,8.117981130499679,19.868338669706237,-0.014567734019495432,0.013406406202476425,0.03398861185519943,0.02201010141390736,0.02123509315708287,False,-0.06491445666908735
54,1,0.6433308276111575,0.9111521401266156,34.85653552353466,74.9066909468911,-0.25571304214399576,36.821961134206774,0.0012265760712749465,-0.0035211017540641674,-2.5677969553635394e-05,0.0023738736324485097,0.0005145048296147092,False,-2.2776908290807203
55,1,9.812694274087,1.0883639862708114,15.016610237568255,10.54652713790938,9.581932182702696,17.399868824370706,-0.0005850990152620195,-6.699167980796922e-05,0.005329245603980591,0.002677185738728159,0.001775619374701163,False,-0.748896180843599
56,1,14.753518870463026,-0.36729770272123247,25.93427549762993,7.496748744691099,0.19812267500333625,17.314152813022037,-0.0014768899066009795,0.00023516614902905492,3.679421107204714e-05,0.0008562256933174637,0.0,False,-5.573316475741203
57,1,0.31538738389960963,-0.9072051636287917,56.33400906033623,109.67597976186141,0.45460076388430376,49.04977859923106,0.0012588487029745975,-0.004317424947698625,9.716133129383017e-05,0.002788560029454775,0.00031164371245810094,False,-1.079918306811038
58,1,7.6303621539559545,2.1893789910820076,11.288901285291479,10.250164056826595,4.941222539860182,9.040363135943627,-0.0003054245054997448,-0.0002089703342851544,0.000917655614545456,0.00046135540368881885,0.0,False,-4.637344143310055
59,1,13.91035971226754,-2.8605886264195513,52.679414578435924,67.40509089804746,12.553754564299586,29.08606722593372,-0.0006637763380385525,-0.002031160567716768,0.0023314115619413513,0.001351408478470379,0.0,False,-10.607116281431773
60,1,2.7877602933211505,-2.4390971195044355,77.20427082938599,132.66323582719966,7.4055666646099105,53.3017635014554,0.0007892732959916171,-0.0043604877395196535,0.0013753195234275577,0.002665123942445788,0.0,False,-2.7103621243203335
61,1,10.972345054057257,0.5321258997032863,17.244737360133485,14.697563355654157,9.442761414376431,17.205992854249153,-0.003627248832773794,0.002723468984698404,0.03053295216710123,0.015593209939230366,0.014727864300079876,False,-0.009624117705811841
62,1,5.605840157932445,-1.9283464415026341,64.21752085837483,102.81099015758195,11.872838760243555,41.236057415553155,0.0012862730407800557,-0.003638530697459414,0.0030007950221882973,0.0028835075266664175,0.0007802322740565127,False,-0.059484992347433874
63,1,4.67377250848088,-0.2897663843693969,44.11783546629187,82.30164991191904,6.333541728613305,36.527693339048604,0.0015137189245322284,-0.003551744855730756,0.0017188014287661969,0.002674565462868916,0.0008070920256821301,False,-0.35961687924379326
64,1,3.705882352943495,-3.6943439751330547,100.8883046634985,149.80870558904803,12.888482626112134,52.89745599459111,0.0001848109872781311,-0.004357797670094327,0.0023935753448493962,0.002567318462204588,0.0,False,-8.056411365296455
65,1,0.32704543914427836,1.5240434646738155,27.11628239219337,61.68475933924843,-0.4127989682101105,31.755659562438126,0.0011010867165543046,-0.003063657141149867,-7.074564907545429e-05,0.0020826723426374425,0.0004774210520423611,False,-2.647221638330075
66,1,0.34796492213735375,2.7446121343309042,9.218981003951018,36.069977593621836,0.08383993404749342,24.187584020175745,0.0009185049914475076,-0.0021543930278786136,1.2795002662001603e-05,0.0015364623286361042,0.00028980115054813707,False,-1.3268191989259934
67,1,7.815265398488929,-1.426298731327506,51.821824798171534,76.63644044755222,12.257141702716401,31.924464962711276,0.00019322492659489335,-0.002110989383704743,0.0022763263162187616,0.0016194956842872186,0.0,False,-2.1760414395974355
68,1,4.093890237280092,0.7655446305744044,31.677703216679607,65.69406915189282,3.6290966499812343,31.526780935728667,0.0014258109657424682,-0.0031539722065017546,0.0010176570813444042,0.0023457429441427384,0.00073120787410653,False,-0.8731739403777556
69,1,1.5727780928025676,1.467962968273815,27.45317409437756,65.03494484322567,-0.567201959065737,34.39673589636799,0.0011933233294006374,-0.0032519740747628118,-6.9003211912382e-05,0.00222291646574475,0.0004781647531959722,False,-1.8223366468711681
70,1,4.943841635038765,-1.9197921243530889,65.99761476958248,110.76087093736673,11.635795594768487,46.08122843488824,0.0010264252750208005,-0.0037463158891717727,0.0024686542411328162,0.0026866946227028354,0.00034443820593174466,False,-0.11319131570065366
71,1,3.196912649838175,-3.3834083978902734,95.24307636544658,147.0859078999182,10.453724520210562,53.18198787599362,0.00036260542198068195,-0.004451371791934537,0.0019414059823248194,0.0025953532420607767,0.0,False,-7.153710344578787
72,1,4.972598179944188,-0.8241230867861465,50.36195660786089,89.26203362199033,8.229709021584542,38.350518722833655,0.0015067607926358036,-0.0036458311311283477,0.0021814256955214194,0.002797669637301761,0.0008368304194199274,False,-0.0759837589526402
73,1,10.375667116737569,-0.627734798861535,46.463082952038974,44.783308492303235,15.606506431644119,29.224509191893183,-0.00236055834616022,0.0003154521175011693,0.02648019924991469,0.013307535311965244,0.011992878062600612,False,-0.17960792431776973
74,1,4.638185897387324,-1.4075052936669827,59.32659100286139,103.85310370970836,9.665303066229425,44.28923303474044,0.0012699242642330156,-0.0038587851529778908,0.002217898584823898,0.0027938653519251643,0.0005403555418431397,False,-0.13327170985974135
75,1,2.6675008851290887,-3.689064422757219,102.6480457106586,154.3147171217267,9.37835873762581,53.19504090140039,0.00019402870815308636,-0.004603590780017523,0.0017416951941305074,0.002551992109241902,0.0,False,-9.90908169085786
76,1,4.016719097581272,-1.389804014185427,60.350613001460225,108.14553801100004,8.68072715948506,46.54588754909197,0.0011299271873703182,-0.003929156133952741,0.0018274479469473596,0.0026895115751234123,0.0003287085670450856,False,-0.4794584226581158
77,1,4.059388771706673,-0.2797434488996191,45.35707017631348,87.01136380631972,5.756645274861813,39.36550281326642,0.0015102873395836983,-0.0037765783615776836,0.0014901427723069422,0.0027464283362203016,0.0007402450895053725,False,-0.49491098883247275
78,1,13.47458898857513,-2.467611934402479,50.88623046524004,60.39957258897962,12.724781622549363,27.179407216152544,-0.0008215834180321318,-0.0017049651866650932,0.002363173729902025,0.0012614429660959853,0.0,False,-10.359686294062321
79,1,5.916332383926236,-1.4240287759821724,56.62601817616981,88.82985855255697,10.715334633170862,35.06128554338558,0.001380842695253806,-0.0033020931434040853,0.0030022937531417894,0.0027813511037417006,0.000986653032099408,False,-0.30021930261999685
80,1,4.983628782104262,0.2340072835418964,37.09527545341966,70.17439451547303,5.975101156652659,31.81829513003539,0.0014186741961412282,-0.003127117588529229,0.001640315318376648,0.002416343171678979,0.0007836103213831677,False,-0.5378090012294532
81,1,6.539402126815296,-1.4334230686609404,55.76090247275026,86.3885394546549,11.393835294903818,34.7023932908683,0.0008668719984492087,-0.002825770769268764,0.002681115764290004,0.0022816656389304845,0.0005099114879934266,False,-0.8227005771354001
82,1,8.456384747247526,-1.4015500954707985,47.807557183563404,70.9623645094968,11.90207466003009,30.362576056839124,0.00017094285599688046,-0.0019791463956969346,0.002210385294005592,0.0015418079434713534,0.0,False,-2.23112271531137
83,1,6.869815626890361,-3.6894410620961846,89.7402636861082,125.81675580819959,20.847176929506045,50.6919667968553,9.442655039799573e-05,-0.0032555334323676353,0.003871618572622552,0.0025598663177013267,0.0,False,-0.9183917736020533
84,1,3.736747643363929,-0.7963988718348135,52.86240471747893,99.01228756334046,6.8776387416595,44.01620694836546,0.0013360536505708717,-0.003950353888857908,0.0015701572146502802,0.0027573310624428,0.0005216547388030088,False,-0.507423393455543
85,1,7.913536437091359,-3.691430492707584,84.45417379454427,118.85533936502947,21.960016602699444,51.08685571998487,0.00014256668714798066,-0.0032254221257186034,0.004292786232426695,0.0027281569914919964,0.00013802829194498154,False,-0.03348747682034414
86,1,8.979212837215867,-3.69020907925525,80.31067426563752,111.22698877189161,22.81665883866197,50.45102840373438,5.654745148206278e-05,-0.003089112345124651,0.004626700545337901,0.002797388670359279,0.0002382950317482705,False,-0.009207776223917108
87,1,5.588746143589419,-0.8320922519517909,49.435768900405414,82.23682192092278,9.058855089185183,33.927297084346556,0.0014430331535445554,-0.0032809583275286765,0.0025273973189745436,0.0026787978983684162,0.0009398514025785542,False,-0.31116355660353534
88,1,10.057846447688812,-3.700085512481015,75.914894075551,104.66443537584475,23.07905272187347,49.80323129412779,-8.894546572620586e-05,-0.002920151706072328,0.004526483273476778,0.0026694933789222944,0.00014482396531042717,False,-0.21217392365721466
89,1,11.126943740247981,-3.685784835827674,69.90486748456264,99.65292879612397,22.105662497221243,48.88961012335348,-0.00010148296897918331,-0.002895963269665637,0.004152439511583051,0.0025025923583496743,2.851721953286984e-05,False,-0.6748107347527821
90,1,1.609578903180726,-3.689058690849141,103.80538956306259,157.17399265321063,5.716632791777008,53.26122140481333,0.0001984505161517744,-0.004757205485076262,0.0010616603756157302,0.00253405056952599,0.0,False,-11.166570064091147
91,1,2.758712780051244,-1.3589088949536026,61.051649031805084,113.76620713809687,5.8446854939142945,49.572942560252066,0.0011008801834863104,-0.004157429919091621,0.0011652710245880931,0.002692938993721252,0.0001860723799329673,False,-0.7427936923923681
92,1,15.412929900110782,-1.375805328528278,35.11823633630101,28.555626549554294,1.8431214665498594,13.159116395658979,-0.0013661523763321142,-0.0007567671818484922,0.00034229398664497386,0.0003494694151671757,0.0,False,-11.451331482219821
93,1,12.186351144370226,-3.6869203611542836,64.98786618128663,94.7751145549096,20.484013454756408,46.77699272674301,-0.00012532048785162233,-0.002891279265402325,0.003804173927311904,0.00235171571561857,0.0,False,-2.1291679128042205
94,1,5.532093233485493,3.3075831452240805,6.199761278839521,8.308595472564338,1.907981404181043,4.511434481700436,-0.00013136380569946093,-0.00032718412368817895,0.00035433940363361477,0.0002024240659510551,0.0,False,-6.806259757036278
95,1,4.701807695254974,3.7294570481907114,3.906560052339316,6.475641422992612,0.16422156722343884,3.0565740274329536,-7.348132317247513e-05,-0.0003121433030541243,3.0505667225011468e-05,0.00012030184576085257,5.2342112620057045e-08,False,-4.845783976459954
96,1,3.9243692037658975,4.128792211725428,2.099458213974961,5.5270143596928465,-0.8574055626307565,3.652815640325024,-0.0007540245093480835,0.0004707555280404202,-0.0011548926732155435,0.0008417041087330406,0.0010228809534627756,False,-4.21230718591684
97,1,12.975441290966044,-0.7927388903277494,41.34156124443941,22.428817538940475,8.032438126353922,23.65100536106787,-0.002696936059985856,0.0008627692539880452,0.0023657458181546077,0.00213706897399511,0.0010020703907440355,False,-2.242351143621951
98,1,13.235294117665248,-3.694343975136071,60.82966345741782,89.79069981069085,17.899394958652564,43.07248078235835,-0.00016703473916982836,-0.002856273829116609,0.0033241733494640477,0.00213788068774808,0.0,False,-4.47986419810422
99,1,4.714194609617322,1.7869077494388523,21.52768250556736,43.840321411104185,3.2230720632239422,21.268249594772648,0.03240739097497475,-0.033691151893513606,0.018390289187340845,0.03430459191468183,0.033254332343134886,False,-0.013058551244855998
100,1,4.688489900258765,0.7608375081432199,31.21521302821519,63.516557225696914,3.5080501416931114,29.936134919355734,0.0013799654372695243,-0.0030066391747777255,0.001064379485339502,0.0022569450431526787,0.000723859395334939,False,-1.0129910982050756
101,1,12.359163334640948,-0.6533053028394478,39.939309142575496,24.942708143407252,11.533941570874882,25.654859407658915,-0.002814562230339303,0.0010487830708564533,0.005280683514543867,0.003271507882347477,0.0020723715295585987,False,-0.5169394737853761
102,1,2.8585114003767003,-0.2543587875726245,47.19724686036922,93.53700097206863,4.367764404977007,43.16348993166937,0.0013775637323105048,-0.0039730838736345645,0.0010071814774895544,0.0027223080433523565,0.0005330186365858468,False,-0.8735858556636309
103,1,3.8273967615075786,1.2822111169992298,26.2210394390475,58.43465023166017,-0.2969696432989073,29.254236407780038,0.0013661694776900069,-0.002998536086892937,0.0001850315129740274,0.002184312896902294,0.0006971854403955323,False,-1.47132763887209
104,1,15.335300046085512,-3.692555942726966,53.447614197445034,82.20349907807467,10.683614337839495,35.19349996654941,-0.00020753026724988416,-0.002877719577594064,0.0019840998055987635,0.001663322202074314,0.0,False,-10.032353909000856
105,1,2.1594327294903573,-3.37812311360636,96.52924109398414,150.74102039180434,7.106044156365983,53.72006833063763,0.00037889989888620704,-0.004655051035911384,0.001319693914753682,0.002602030651365748,0.0,False,-8.418514369880299
106,1,3.124918173846245,-0.78471035947112,53.63548808807904,101.96540325626442,5.829191543543874,45.55035178390464,0.0012651773569096747,-0.004026397194594709,0.0012679691344453185,0.0027206849762529857,0.0004125290634594112,False,-0.7754870232361384
107,1,7.455327973588705,-0.8561212122407252,46.19050276355962,68.58106133283532,10.345728479624405,27.934901773660258,0.0001984144039620002,-0.0018929349803578337,0.0019299390587012698,0.0014228850109544774,7.4722742703997755e-06,False,-2.7806136441133074
108,1,5.588946522902503,0.22079579198168864,38.33609838440152,63.14585423739446,8.334294410444793,27.089911110386254,0.0011182698238161454,-0.002602113077490996,0.0021667136011157204,0.0021526667625063564,0.0007732462208113116,False,-1.5767618313151104
109,1,7.3715873580746205,-3.3808715548037687,81.31656231953774,117.0838765820761,19.810910552914155,48.84556617011585,0.00025382579651294436,-0.0031843314741109912,0.0038043055538865785,0.0025638674968139685,8.564136158488167e-05,False,-0.15228287078749503
110,1,6.832414016124219,-0.8502786463873139,47.808689994211534,74.00864906764023,9.855997569430171,29.891650782816374,0.000570270887575398,-0.0023050881680240203,0.0021172137498494375,0.0017853769742808587,0.0002637174538118034,False,-1.9181043391122312
111,1,5.895238212924352,-0.31094704109524895,42.78542073478657,68.4241138680868,8.36484236737582,27.65002102731124,0.0012808646864154397,-0.0027385143365171553,0.002402977210018065,0.002341458263660533,0.0009233628219257878,False,-1.0274572312842825
112,1,8.422161038983697,-3.3816395719628343,77.26928307908106,109.10303100224164,20.986000652105655,48.15665937168979,0.00017917423483581902,-0.003042949591258476,0.004239540638569277,0.0026625075951424502,0.00021678583947225987,False,-0.025852829106717934
113,1,9.507647520168202,-3.3902945917362657,73.64864933981795,101.81679484094583,21.831595033815905,47.53646407615761,-6.705408354545523e-05,-0.00277853772532864,0.004196992164153568,0.0024983437896746842,8.589610849157805e-05,False,-0.2550766870077261
114,1,4.7312122527850375,2.7710631185135264,6.5183900034712305,22.286871770181968,1.431318900445086,14.304338258568453,0.005765671614581122,-0.006408584020482649,0.003239829836265878,0.006298987967043606,0.005580396943819763,False,-0.09148665013033952
115,1,3.7746453823513817,0.24873734144285856,39.19508576242404,78.77537738133898,4.283829406746895,36.87683499298879,0.0015064325818338591,-0.0036230684309119573,0.001147315611146902,0.002628122607078185,0.0007482055193942418,False,-0.7869359041577351
116,1,9.1305707693526,1.132589875164806,16.487125447102848,15.405159700492424,8.874673297813127,15.819674456834893,-0.000564829084910165,-0.00010746263386748889,0.003843343297465142,0.0019352307209160877,0.0011120065288251718,False,-1.8410022054750916
117,1,10.596554893790852,-3.385870348308689,69.00807246945621,95.71032049478558,21.052104731768,45.813357674146715,-0.00018231031041043453,-0.0026618047699053047,0.003909676593042628,0.0023148144545973425,0.0,False,-1.2961417683704362
118,1,7.763769512634121,-0.27885347167268787,40.77305293557808,55.93459588363383,10.468033766775974,23.90275042908709,0.01317361927342128,-0.014729612391764742,0.035308546953565036,0.02250157675215865,0.02176977227084807,False,-0.19665564896118592
119,1,8.073738649222514,1.674104879975524,17.488521038638428,16.875490260579387,7.409123242226759,13.506324249439338,-0.00041639632702013263,-0.00035947204048607413,0.0013759800306992545,0.0006885785030191788,0.0,False,-4.05555502741712
120,1,11.666236061064543,-3.3727051969819577,64.07724005752415,90.59368581916914,19.85185074818918,44.137541814522166,-0.0002028931825082194,-0.0026651345746609685,0.003686772281806561,0.0022166936262780807,0.0,False,-2.523409375016673
121,1,5.837521171055125,-3.70843573781004,95.07965036776851,134.3343946558507,19.42119014289513,51.162090895088745,0.00013491465786292416,-0.0035101687403161375,0.0036067924551090955,0.0025639610368486743,0.0,False,-2.4019199682171326
122,1,4.9972342620718635,3.265706860082421,4.540622873198891,10.258497342274081,1.448400134470517,6.043822626304146,0.00013810968714970256,-0.0005820265326117596,0.00029813197851429746,0.00038970464829957396,9.585546925463552e-05,False,-3.8063509741329056
123,1,4.9976811454485786,1.2766892683522284,28.258690924126633,50.88340867838994,5.01233058780195,22.760388632049917,0.03260730061675487,-0.03403085272995096,0.025786795597804613,0.035726748762873864,0.03468844731418904,False,-0.020608301925801875
124,1,12.715762909074087,-3.381264336290354,60.295583063182,85.27318540746674,17.949187309192197,40.967584466564844,-0.0002905405590733585,-0.002609889348185514,0.0033334205002785505,0.002030459987123196,0.0,False,-4.760144075041769
125,1,4.138509888654993,1.7877224756546692,24.23635521020116,50.012328577657506,3.5013315328669776,24.710879223900594,0.028442733683082314,-0.03005694215131843,0.010389257280651418,0.029707527411304106,0.028746124713300958,False,-0.0860767719085791
126,1,4.222843565685602,3.6725825932504357,0.2782578518812451,10.882901237619485,0.8796977938255396,9.573312358752414,0.0008831257104835177,-0.0012976830480935526,0.00011274024910846482,0.0010918604770362719,0.0005985882900158341,False,-1.4751398174267765
127,1,2.1505689947557465,1.412877353685811,27.68699306288832,65.62244712533213,-0.02338231989054153,34.656255746725314,0.0013007429308397182,-0.0033497566459196257,6.728374283336558e-05,0.002325493142082368,0.0005651496290099747,False,-1.5852930798682738
128,1,4.7468885703501025,-3.7088602677106106,98.52120611900314,143.46154125071797,16.33323745818047,52.3670013723312,0.0001671478512237513,-0.004005883268149768,0.0030333155279478013,0.002579495678197051,0.0,False,-5.540881165710708
129,1,3.185597480539093,0.2624334904061596,40.07716278971111,82.3054060036641,3.6247611080028506,39.10177344216928,0.0014971645290694268,-0.003787659558717637,0.0009342007850420501,0.002683379247591903,0.0006943204308996527,False,-0.8526461519121256
130,1,17.658845148394676,-2.0000000000046247,37.195220638259386,39.99394890048143,0.09108596366882797,14.975588875495324,-0.0012422372697279283,-0.0015021191797914037,1.6915964681353838e-05,0.00013021593320264335,0.0,False,-13.879637690159765
131,1,6.515836342570093,-0.3197391428520039,40.45967127356856,63.68863124707199,8.17303855662592,25.650797472042626,0.0008157898737697032,-0.002166269849910857,0.001999508531892902,0.0017951820635182304,0.00047775785514551965,False,-1.3680980604738533
132,1,17.76269400930799,-3.2850228666778976,45.973342977440225,67.91434140782029,0.820840606846141,26.005259196527238,-0.0006246372248057679,-0.002662015650483917,0.00015244182698571145,0.0010215367541152784,0.0,False,-13.258283690066644
133,1,16.383998725466075,-3.6845675380094858,50.2568704078098,79.8837056556003,6.776999028352587,33.04456858979598,-0.0002216337348142967,-0.002972697007823414,0.0012585855338369087,0.0015126455862232875,0.0,False,-11.736880600686888
134,1,3.6669901051129945,-1.8721916715794666,66.92153673719369,118.66046671535241,8.675106687131288,50.089142921546944,0.0009297034731065826,-0.004012013236335266,0.001655334808643473,0.002605796296963919,7.21920306231841e-05,False,-0.6387979056077135
135,1,3.241523936435874,-2.803987501407098,83.48536705462739,137.0250773672154,9.299148872752683,52.975072652068846,0.0006354661139772117,-0.004336078415048818,0.0017269847906540695,0.0026314792166782894,0.0,False,-3.9957532522778045
136,1,17.68649329653748,-0.7615983220739659,29.80804413397897,15.167104107291877,-0.05172111439320929,15.546267308996715,-0.0015150106828626453,-0.00015549482324170045,-9.605349815881652e-06,0.0006797748957018717,0.0,False,-9.251451925738152
137,1,6.891752949538675,-1.9246556042158247,61.0504459991468,93.54940948684205,13.289560206134624,38.22512863788257,0.0005965775117208402,-0.0027875831263198493,0.0027494140116811703,0.0021801273260805614,0.00023104784071106867,False,-0.5740806240566805
138,1,13.756629567580548,-3.4532014033271565,57.3056285651507,81.89675852192119,15.277740025256307,37.447922259689065,-0.00032228221563897934,-0.0026057442830533825,0.002837294576119029,0.001821018912929992,0.0,False,-7.212524408650243
139,1,17.255076629871393,-0.3171538776276716,26.906921166440707,6.3198975951896985,-0.05197576219314357,19.027299295557675,-0.001572895585666933,0.000338756603092091,-9.65264155015585e-06,0.0009558382792444629,0.0,False,-4.446459341333544
140,1,3.983845310367942,3.192767424778532,3.888779953579617,21.937216377907173,1.0936643208958639,16.366666580500787,0.014226478064993255,-0.015056392944092056,0.0022675400653026506,0.014685267042877375,0.013859642683933337,False,-0.041799432473340836
141,1,1.6270179361893262,2.619702399774528,14.036235821591262,44.89064777235018,-1.8880492332973138,28.350693739452336,0.0008119993693949778,-0.0024634118288456366,-0.00035191735688604306,0.001647131168398382,0.00020519262650646694,False,-2.174424162270835
142,1,14.797811966593088,-3.451413370918052,53.822251368384386,77.97254895488425,11.709317989366008,33.208024137968614,-0.0003586961947904632,-0.0026012238278225923,0.002174587626596545,0.0015618707957654081,0.0,False,-10.230863649478477
143,1,0.25394574836454237,-3.3200492193421454,96.05114858140537,152.32574782113727,0.8231359219291677,54.112976114006635,0.00043296142277662896,-0.004792537078055621,0.0001528680997868465,0.002613867022159531,0.0,False,-8.886156944648214
144,1,14.286041332284407,-3.7588574281910865,57.41249305046093,86.94420807274804,14.74423999131134,39.703565258370446,-0.00015497594397790616,-0.002897206624618852,0.0027382159983863922,0.0019376310252256293,0.0,False,-6.842372531037157
145,1,5.925844662440041,1.752385643638263,17.57194150223894,32.30994085577001,3.7870524219973163,14.818364808446136,0.00550403280997433,-0.006190225577293266,0.005608189574359209,0.006484741119160614,0.005747042382735167,False,-0.057229788328632125
146,1,9.936654730906811,-0.07837019810467083,35.99767374323662,33.74897096194326,12.583234701424857,23.302146169237396,-0.0016674444021398636,0.0001795944132652232,0.049565733756240155,0.02480006812077387,0.023873518113025172,False,-0.11358683600816466
147,1,15.836945830367034,-3.377123480736452,50.09626561570444,73.64162675579486,7.723067240228346,29.311271358519285,-0.00041678731254749635,-0.0026031422755558933,0.0014342839160424066,0.0013074133218008556,0.0,False,-11.730630398393153
148,1,4.196787430650488,2.754998138149913,10.135417448805068,31.12199848185603,-0.9511589210464625,19.176145402483183,0.02011729787594527,-0.021211011625131324,-0.002583532707455871,0.020704491103787553,0.01977265801445946,False,-0.0451322425304399
149,1,12.413884923092297,-1.7687684682963045,47.686567528846915,51.26090125108114,13.401670331749122,26.33662726764078,-0.0009530514790267444,-0.0012849538960913523,0.0024888816330391195,0.0012554571874154852,0.0,False,-8.380903755020098
150,1,13.58432412336815,-1.8066210089464805,45.882470779268914,43.566647054350085,10.425065622886441,21.775527538242656,-0.0012222135932571099,-0.0010071728188003606,0.00193608361567891,0.000973994648545268,0.0,False,-10.191476681569812
151,1,1.2252423894523334,-0.26973386220227075,48.79765589844702,97.92902861975847,1.3863497406429701,45.21746052520436,0.0013014847557690935,-0.004108376641035836,0.0003169114370901835,0.0027095679171963353,0.0004249074933308959,False,-1.3546059226748604
152,1,5.61152517978918,1.2475905699953498,24.982999906639055,42.8399220251971,4.42584528801968,18.051916999696243,0.030922437985166754,-0.031904358030586416,0.030387592299273593,0.03489488523892839,0.03399485767241067,False,-0.001997177842024911
153,1,5.907651675397607,0.7185273182261337,29.68999459458203,45.77700377689021,4.87839201774045,16.970243244652757,0.03204779652534659,-0.03292869972724134,0.03732197122175285,0.03746623346808404,0.03661053381966133,False,-0.00492686581047419
154,1,7.7837365445082405,-2.473071253612121,65.97425463952618,97.27856011719172,17.00497680443807,42.12498770961885,0.00029150963342707264,-0.0027273932069969147,0.0032781843071046915,0.0022282429575378156,8.21595719785267e-05,False,-0.20089901658436382
155,1,1.2758486004165,-1.4073728690790215,62.243358960340956,118.51133796854279,2.5192843081268808,51.9451668767997,0.0011204713540472688,-0.004362214542870677,0.0004919972524073269,0.002752358349699367,0.0001294842600274726,False,-0.8148441609216626
156,1,16.864361412576457,-2.7473681824654697,43.63308092523146,57.19442230581458,2.6221649481918514,20.18418192090432,-0.0008351607699545714,-0.0020944281838658615,0.00048697349037848513,0.000675073625627278,0.0,False,-13.05887793156157
157,1,3.2652523793482167,1.303902449982093,27.618799759830168,60.61183950320235,2.377391834701195,30.41915887893256,0.0012538005017790157,-0.0030347583569557447,0.0006186112781488345,0.0021664727668658404,0.0006189579898558395,False,-1.9739022664498354
158,1,8.671735983482728,-0.8561849038313337,47.593098275471306,60.66485716437451,13.29840600730393,27.615525704287183,0.004599294287384646,-0.0064924990234640975,0.019290622425678448,0.011126050427045947,0.00996741172694442,False,-0.1563657506181464
159,1,6.3543956214565585,-3.3978767999062245,86.67787240170051,123.90647256875127,18.664094487102876,48.433923787315926,0.00022738912109850073,-0.003229552322984784,0.0034661889761762486,0.0024476984172067838,0.0,False,-0.9925244981009165
160,1,10.130720238240379,-1.1046618986391985,51.115142394098314,54.62366378717613,15.218295830531185,28.942806068588684,-0.0008180460577845864,-0.001329056446798399,0.00783963752955845,0.00392813722432597,0.002549185425922129,False,-1.0500263491325033
161,1,4.217476805641016,-3.4032042428436653,93.5296347530086,141.9488356209319,13.683241931725918,52.37439316733271,0.00033808801075140894,-0.004157980641270041,0.0025411735016062417,0.002582256575601837,0.0,False,-5.376732869498113
162,1,0.6068869248337853,-3.729573028867112,105.11257874733245,159.02759925786097,2.1897259701307257,53.10859950869367,0.00017988167038215377,-0.004826513091309779,0.000406663394452849,0.002511441997453074,0.0,False,-12.036916173958119
163,1,7.322661717618312,-2.818264701647083,71.9500281309272,106.64490392770986,16.99253540640004,44.306953264730666,0.0005086355100331705,-0.003095779651727499,0.0035299067327674806,0.002522501248779046,0.0002677010883012084,False,-0.1084785335074212
164,1,0.6199779399452732,-2.6883794823535303,83.10959127069682,141.4965932973955,1.6481987912241471,54.90296802980854,0.0007423309389308548,-0.004679319249262594,0.0003060940612273413,0.0027151420007734727,0.0,False,-4.7809644358038526
165,1,6.873894417609162,1.1067272827085874,25.92876017651008,38.34160868505431,8.025809590155212,18.44103969765079,0.007858385580739785,-0.008896925045279731,0.02143201486292729,0.013602129385312606,0.0127182956372125,False,-0.13269202982703554
166,1,3.900308687859388,2.27491063135414,16.028889005480856,38.700948684859156,1.0372270622853017,20.82383759545166,0.030249750832703506,-0.031494008477296664,0.004572024456479872,0.03095640168592711,0.029930046408018645,False,-0.02519637920536777
167,1,2.2098199126626556,2.504240465405985,16.99300385335603,44.686528596410035,2.0441827120823204,25.85631151799423,0.0006675683426057212,-0.0023370799853297437,0.0003865869276490682,0.0015147079773998131,0.00021660533153967552,False,-3.8490063261130913
168,1,7.406417955772873,0.20321113073392139,37.50987220960196,52.191091222180475,10.520094853638176,23.67374997566402,0.016627841720905784,-0.018145430945971538,0.04862521280960605,0.029889763351122714,0.02893348638877598,False,-0.08237566737902124
169,1,6.479505766022693,0.6630065217023938,30.181343466646528,46.482934115105415,6.187057386968648,18.57589490680729,0.02783685167936376,-0.028869503954071254,0.04167459344207272,0.03518658305301773,0.03427040718163396,False,-0.012910196247895023
170,1,17.40975283283875,-3.729467311121109,48.00829292544295,79.20781291828192,2.7416940050630685,32.845213195212985,-0.00022854401011253504,-0.0031256422951618673,0.000509171743797427,0.0014707510273596184,0.0,False,-12.324811289965888
171,1,3.0275988588367446,1.8380014009603194,22.148821521104715,54.43635554430521,1.296404608916957,29.571091366130602,0.001105408320453657,-0.0028430412323944194,0.0003354087418215232,0.001981334960038084,0.00047756546871990496,False,-2.1360542504775317
172,1,3.02081325710065,-1.8529850647113355,67.16612377082706,121.41277014436645,7.0128063538243905,51.50609018359975,0.0009625758920055599,-0.00417019540712625,0.001328199183177758,0.0026509174958580526,4.950447142255409e-05,False,-0.8027342064304364
173,1,0.3170696678633822,3.8848850076824815,-3.2929810118624636,13.646294253582264,-0.5623190068132711,14.847240036060501,0.0011579786584980786,-0.0015425302931905242,-0.00011907387380167439,0.0013515664232264365,0.0005640533981450696,False,-0.19126279792336032
174,1,9.227125656666763,-0.7777084774392256,52.539844990291584,52.89779295811857,15.474160739745074,28.981324327212143,0.00016999827498084125,-0.0022168369065516053,0.021260890812384088,0.010697224643802699,0.009454322704753241,False,-0.3430205680489742
175,1,1.2523938843954563,0.8978895204579272,34.726931164495156,75.91615507456237,-0.09058039005410636,37.791081890688545,0.001269139060193456,-0.003586680209324157,2.9525880763266003e-05,0.0024279545174824327,0.0005160996248388519,False,-1.8737714904336773
176,1,2.9426979533084414,0.8009321125205685,33.75698600759475,73.21236324357058,2.3350340936194582,36.23588758539286,0.0014779529261248888,-0.003588383968652437,0.0006377990844033065,0.002553162607602954,0.0007088078184238001,False,-1.1257576567310146
177,1,16.69354915630392,-1.3193266729826505,32.601876677016705,26.49983547071609,0.053253653512277344,12.89676874043286,-0.0013756815104219644,-0.0008090633984083372,9.889964223709137e-06,0.00028335220850305435,0.0,False,-11.805061074062987
178,1,9.492572443855058,-2.8038688451887523,65.02039376040246,90.20920431549719,19.416699341042886,42.3131461981361,-8.845302874126333e-05,-0.002427414008857202,0.00360595844905082,0.0021490506510309327,0.0,False,-0.7397236356642782
179,1,8.764376495273497,1.7227258888900678,16.148446693835364,8.757078259610012,3.872638490619097,10.029436270737124,-0.0006982610510960913,-1.1919696489455511e-05,0.0007192042911149735,0.0004970712392106043,0.0,False,-5.649356432811259
180,1,7.544702263747823,-1.911688701028979,59.19204576480964,88.73353425857627,14.505711814140625,37.7454019364761,0.00028745841977814105,-0.002476553971283317,0.0027135683739236065,0.0019366993712176708,1.4335924832188116e-05,False,-0.8498834403849784
181,1,17.421539157702664,-2.618356200012773,42.133276289879156,53.44592318656346,1.0025871615733446,18.936799364303866,-0.0009709081634125475,-0.0020213682323903764,0.00018619475857790545,0.0005334170143140331,0.0,False,-13.606411951112435
182,1,16.60328734124316,-0.6526600063144423,28.533546127588778,13.0441255507584,-0.06759839322957724,15.78301087468583,-0.0014913084293792867,-5.300509010218056e-05,-1.2553987314062429e-05,0.0007191790629553177,0.0,False,-8.771304285576708
183,1,10.57891257423224,-2.7881420923864315,61.00519823220476,83.13258947676226,18.148055907273896,39.214489744191226,-0.00022710261725395094,-0.0022817889471057166,0.0033703532399222942,0.001973639840240262,0.0,False,-2.5790033989394185
184,1,1.1707333137180114,-2.7869619827276373,85.03532807269391,142.7679255254949,3.335625818951764,54.711480711306024,0.0006884943767915549,-0.0046723896723971075,0.0006194733663767582,0.002698278388180859,0.0,False,-5.297184890389474
185,1,11.998247963571957,-1.296807194314062,46.751969046074706,43.768819891336015,15.412480931687696,29.1448137178374,-0.0012607474480081891,-0.0008576337700374531,0.0033061920104001854,0.0016653382724690735,0.00023072017966387166,False,-0.7268063140676784
186,1,10.025129051817052,-2.5159315100112445,58.7994292429957,79.91370209698532,17.864879939993966,38.024842402479806,-0.00017227362011020428,-0.0021328846708378113,0.003317763417427453,0.0019268854264236303,0.0,False,-1.6291753469207269
187,1,1.503386025921614,-0.7886799800906598,54.845725991174945,107.07739355891874,2.427932344015213,48.20323426668934,0.0012380949183388324,-0.004231247542422533,0.0005118032037198933,0.0027466183513743373,0.0003111512315490263,False,-1.0596256243254238
188,1,2.548737193161745,3.001953128589086,6.251638141382233,35.61280638331106,-3.726506968793934,27.146550709157015,0.011401411870044962,-0.012697639080899083,-0.006044003933212689,0.012422703412310134,0.011055116905017261,False,-0.036842523253778126
189,1,2.4722728365821305,1.9124330304540715,22.524831453048137,55.444210875623504,-1.0253468433522193,30.239548510578572,0.0010690074683257064,-0.002912282608383835,-0.00013895180787545404,0.0019918570656436247,0.0004630427554625346,False,-2.59379704110774
190,1,0.665034590000736,3.258068570582276,1.7904640415142064,25.4519148483092,0.8280534222659733,21.120587078987562,0.0009700916347013578,-0.0018822492455205717,0.00019371287295569576,0.0014294555934108236,0.0003288789066614529,False,-0.5835705758327023
191,1,2.3043451491344364,-0.2487411038477384,47.737888704332555,95.49975053044054,3.393282183849184,44.22272120334488,0.001343716969932384,-0.004036314067374234,0.0007647527504222123,0.002717056345185947,0.0004773184481731132,False,-1.0232501383128003
192,1,2.0720738669589727,0.3025944483410112,41.11474179769745,86.24872348833998,2.040266612902712,41.49939768051904,0.0013917912871791345,-0.003896558054928688,0.0004965191183462347,0.0026558035506723554,0.0005518714224306559,False,-1.1451292225467782
193,1,8.339058173769548,-0.3036657991200035,44.4280939490335,53.37501988385183,13.563303875418041,26.54269957791055,0.006189164263896166,-0.007976172435128085,0.03889350186957093,0.02069638405298762,0.019586975190228832,False,-0.10864003927972021
194,1,9.977396465979977,-1.9868138642697561,49.618925982773646,69.02603076957286,16.320825002740268,34.48722494332546,-1.267929386432158e-05,-0.0019153884144139407,0.0032027036835294265,0.0018626334101156125,9.950269764020732e-05,False,-0.7026810560389478
195,1,1.3074180071787176,3.1759767127572114,6.131033306522738,30.174089963585857,0.7203465192473618,21.83539628231097,0.0006047626949282868,-0.0018036833130703422,0.000128504449765106,0.0012059358986959013,8.798026088066572e-05,False,-2.4457800726126413
196,1,6.781398743173329,0.15648289370119384,36.91193141374232,52.971731989475245,8.11367571335742,20.910508937983412,0.024139340542122013,-0.02540323899539274,0.04410014841741229,0.03316357292900136,0.032307169183929,False,-0.10110667367747883
197,1,17.345338444932157,-1.4282649887421741,33.39144156308954,28.446536719314924,0.0506883307682226,13.088322779421453,-0.0013780044644199053,-0.000918834728926547,9.41354714267096e-06,0.00022963311001619944,0.0,False,-12.27894498824848
198,1,2.2172938384290304,-1.3401749218041068,61.12735070970511,115.36273560210606,4.5914489723865435,50.53537488031453,0.0011141498645474593,-0.0042464632545422855,0.0009068390949242959,0.0027183878566459296,0.0001644924584220906,False,-0.7771357997665618
199,1,1.5189180623370226,0.30992296748040066,41.615449806854066,87.05246072399267,1.0686584865546072,41.73271151096051,0.0013406863902776104,-0.003899244587382068,0.00027333705121605995,0.0026235276725339205,0.000511802539155635,False,-1.4442586895217637
200,1,1.1576422986065233,-3.418631719716253,98.10979787422704,153.42322637462368,3.84656174608696,53.86707560900936,0.0003656424820837991,-0.004770604450095891,0.000714361467130435,0.0025928432682118495,0.0,False,-9.436331160524162
201,1,2.0293329809817675,-0.7603587025967379,54.23200265936411,105.48776290856094,3.543864368115347,47.51089167630038,0.0012439870504680258,-0.00417593974103575,0.0007490475271595834,0.0027357210486087715,0.0003333829523381934,False,-0.9797594359272708
202,1,2.383340590970585,0.835475386730534,34.10423242739191,75.37572399906486,1.5254756980076696,37.79576605829413,0.0014457296415255633,-0.0036745849720496437,0.00041849766796295783,0.0025686943200818125,0.0006476043109463923,False,-1.1438862697134837
203,1,16.85257508771254,-3.4140348491305947,47.78880269759033,72.62096990573963,4.215346114906793,28.402640244331394,-0.0004308984099314617,-0.0027367425078310406,0.000782849992768404,0.001217556068010403,0.0,False,-12.403355476754543
204,1,9.345482739402755,-0.18321185356456474,37.48838735613738,40.73003588669087,12.752825213019653,23.7079151984717,0.0018522416250063498,-0.003364192899389296,0.04890580445560551,0.024591608825965568,0.023442509660686287,False,-0.02396182760498089
205,1,9.57335076967363,-1.149793921756995,51.56511870213761,55.663323908965296,14.647012714553275,27.72099320089419,0.00013891768406371074,-0.0021065432775481388,0.01107771394521164,0.005651500711803442,0.004444856998923968,False,-0.593342616662957
206,1,13.021966801509393,-1.491952959835096,44.099350723992586,41.20378165884357,11.871709706391337,23.700390365323457,-0.0012037377931312506,-0.0009348635227959816,0.0022047460883298188,0.0011105402612303123,0.0,False,-9.232445880557561
207,1,10.39487428062588,-1.6334068919672073,45.56286034971082,60.6322803584513,16.2429075828264,32.61413441445011,-2.882923594908597e-05,-0.0018455980202911563,0.0037622881883631895,0.002088986669898646,0.0004315650841314575,False,-1.402201607014275
208,1,3.470957825821318,3.284824210659611,3.3190942342980896,21.253239476539093,-1.69120457937563,16.424587015071925,0.026923338455525622,-0.02775307541838487,-0.009873944507433959,0.02778041132815998,0.026942046362236776,False,-0.005909247186369981
209,1,3.3515420402005005,2.3034982236769266,16.83066267564535,40.90635753738061,0.06681357338489875,22.129214608563483,0.02062087406650361,-0.021997660065647538,-0.0013533056810518286,0.021320007550653563,0.020363829046863752,False,-0.0986998889393158
210,1,1.5544530850429392,3.802793149857417,-2.7380661526443486,15.895736075634984,-0.43761302455252277,16.36806114669174,0.003254355815200796,-0.003743069269483302,0.0008024423084219551,0.0035216427798014883,0.0026869742670549784,False,-0.09541530424583566
211,1,9.487130878835357,-1.6898414244597488,44.8807203597457,69.60080989877434,13.533086834061422,33.21095817843329,0.00041616249295703183,-0.0022283980942691406,0.0029227829696060834,0.001970809540958321,0.00026990260200767947,False,-0.5359830369941818
212,1,3.1351332984449765,2.875642516353779,8.611599081841664,29.136101452901592,-1.2527855675316,18.78012945433524,0.025148891514681658,-0.02620016313517553,-0.007445317073044803,0.025943005607254686,0.024996132798144898,False,-0.009816005122623928
213,1,2.760586877374655,4.235847167406087,-1.5173759576544728,9.893245207519769,-1.9407537289604118,10.571541470778826,0.019856901010575197,-0.020168004725570184,-0.008881736940113745,0.020499258097920914,0.020045710212299995,False,-0.25516674918189963
214,1,3.432178303360104,3.902750490243171,-0.4013581177161723,8.661311146422769,0.688738737177332,8.108707464762798,0.012094606953044686,-0.012401405208396665,-0.005337408563883423,0.012535375363259955,0.012980226584031794,False,-1.6744996565587096
