node_id,head,u,v_x,v_y,v_mag,q,phi
1,8.90918550681676,87399.10982187242,2.399439042924835,0.09322088148476942,2.401249227684799,0.0,38.76552944111327
2,8.415255408981125,82553.65556210483,2.693872542486528,-0.150628519079943,2.6980804706166657,0.0,38.76552944111327
3,8.443930515826679,73024.95836025973,2.6258726482929475,-0.1405354708839514,2.6296306553639033,1.6697754290362354e-13,36.907234771716766
4,9.145102054364239,80795.04925426588,2.519363985628932,0.06543708154623269,2.5202136623162303,-3.552713678800501e-14,36.625063804584265
5,9.435902216754984,92566.20074636639,2.4894469567592026,0.0390662995944362,2.4897534669684984,1.0658141036401503e-14,38.765529441113266
6,8.25469438109554,80978.55187854725,3.2906009670461773,-0.3019365489391852,3.3044243680118544,1.0658141036401503e-14,38.76552944111327
7,8.376968966555324,72745.75129372196,2.971786298090558,-0.40196998316962257,2.9988487239085884,-1.7053025658242404e-13,35.60183862770466
8,8.447607030264916,62155.535969704826,3.054854321577048,-0.7000688080063329,3.1340439151360613,-2.1316282072803006e-13,32.6271529569959
9,8.490827886346963,63675.02156506371,2.766156156328944,-0.22928577441116188,2.7756426008302735,1.4921397450962104e-13,34.649452140635944
10,8.947284116916126,70890.63642079743,2.592040086664263,0.09574340691159564,2.593807743615845,1.0658141036401503e-14,34.82787747741822
11,9.479261954653971,74215.66066363793,2.6185398931866453,0.05985806617589603,2.619223961461915,2.1316282072803006e-14,33.99735983808126
12,9.716916739078679,86337.72688877824,2.554509089247468,0.03446367189279357,2.5547415586959596,2.1316282072803006e-14,36.45369893395055
13,9.980760798011815,97911.2634284959,2.5365049157392447,0.017263525924350466,2.536563663087661,2.1316282072803006e-14,38.765529441113245
14,8.054687020899546,79016.47967502454,4.0328146876074005,-0.2357414927537135,4.039699042749066,-9.947598300641403e-14,38.76552944111329
15,8.225900802991177,62603.04206180012,3.747833643781858,-0.4708421224128494,3.7772939157155134,-2.8421709430404007e-13,30.78647640451766
16,8.352478874903735,63658.787579934025,3.314730356911694,-0.5652093765297498,3.362573267357765,1.5631940186722204e-13,31.85111544817576
17,8.460455467244472,53470.05570096769,3.3264620788758634,-0.9341193689035401,3.45513081627308,2.842170943040401e-14,28.624708553518737
18,8.555346267577054,54497.9468849309,2.985244264342242,-0.5354279234922431,3.0328808712251574,-3.5704772471945034e-13,32.096300103550746
19,9.07588864784032,62803.36671455659,2.6828305074965884,0.07938926072750094,2.684004878287903,2.3092638912203256e-14,32.32276063060179
20,9.708445217443522,66483.62635798403,2.7031693179432774,0.035741340849748025,2.7034055938603925,3.552713678800501e-14,31.213883435070272
21,10.040703109912167,80498.18459264548,2.618065236910497,0.029959807794332115,2.6182366537046056,-4.263256414560601e-14,34.017382010191945
22,10.269498275078492,92146.32502213924,2.568641363815603,0.014949357447749475,2.5686848656837182,-2.842170943040401e-14,36.48991104990386
23,10.533526207333608,103333.89209394269,2.5561485458392688,0.0062288060674122675,2.556156134984957,-7.105427357601002e-15,38.76552944111325
24,7.826575846345897,76778.70905265326,4.511491835020413,-0.16817168217403441,4.514625155219544,7.815970093361102e-14,38.76552944111319
25,7.8960735956592325,57367.414199167884,4.484801595787402,-0.3429106488785958,4.497892069257728,1.7053025658242404e-13,28.468818153696418
26,8.086982642086019,56955.03614550027,4.187852155458369,-0.4619933898643234,4.213258070455172,1.8474111129762605e-13,28.02229765655035
27,8.240860189011098,42784.120300213544,4.265398958554447,-0.8459304581637551,4.348474055997862,1.1368683772161603e-13,21.215466220530384
28,8.367569782476362,50520.00084451385,3.7323052451863936,-0.8595781225024267,3.830010051152694,4.121147867408581e-13,25.85653987177412
29,8.495887181569831,42392.09134236354,3.766839254379608,-1.2004651300875777,3.953504078269214,-1.4210854715202004e-13,23.198055567871595
30,8.552842668091325,46997.78885197355,3.3732642914206847,-1.2032304487420564,3.5814348371223934,1.8474111129762605e-13,27.345666830534732
31,8.636833723114703,45487.33882375524,3.09677232725992,-0.6333710095625924,3.1608792578390523,1.0125233984581428e-13,29.35292098677279
32,9.163719670105317,54270.55100187124,2.7744908696399997,0.057570909881502326,2.775088105877056,9.325873406851315e-15,29.709854516848722
33,9.736281036662175,55941.329659363604,2.8026180207318236,0.01353154147193806,2.802650686893636,3.552713678800501e-14,28.194853800850616
34,10.191760616343554,65966.25727517017,2.7396385745493266,-0.0004595760559914414,2.7396386130964094,-2.842170943040401e-14,29.621307206544813
35,10.403220879829222,76118.71041011787,2.6740740225886186,0.0038518435307706394,2.674076796762176,2.842170943040401e-14,31.81477208489013
36,10.631522487484553,87321.21030017138,2.610620917324645,0.005695906347855467,2.6106271310399913,4.263256414560601e-14,34.23452395545537
37,10.829807948200074,97755.76813368336,2.5729295252209856,0.0017617093227039417,2.5729301283504813,-1.4210854715202004e-14,36.50788325115067
38,11.089313212356391,108786.16261321619,2.5605944167123744,-0.000499042390609009,2.5605944653423536,-7.105427357601002e-15,38.76552944111326
39,7.576409217976881,74324.5744283532,4.851650117350889,-0.13986442693038179,4.853665719753623,2.1316282072803006e-14,38.765529441113266
40,7.664514257020134,54753.50779544004,4.796672858215159,-0.27060789869439716,4.804300068019668,-7.105427357601002e-14,27.833118069781694
41,7.822760358977575,36118.84824516557,4.960465013540879,-0.49261669518294565,4.984865530677441,-5.684341886080802e-14,17.092638828399036
42,8.045969169596843,39311.85602448812,4.627136825239081,-0.6781201759228619,4.6765630726503895,7.815970093361102e-14,18.96102058543955
43,8.230036540100823,24522.119628461693,4.934841516046791,-1.037436559956027,5.042711116496005,1.5631940186722204e-13,11.177955504678161
44,8.398412409360784,27797.0553672072,4.616637619854523,-1.2176226847547733,4.774510227812425,1.1368683772161603e-13,14.277465087332537
45,8.392756190935271,39822.2949782015,4.086141367257921,-1.0886369221759913,4.228673742622059,5.684341886080802e-14,20.57709013533014
46,8.499279831870416,32113.054820570513,4.275563825453595,-1.339529409753164,4.48048937786053,-1.8118839761882555e-13,17.291139620228062
47,8.630744563377272,29731.242191147194,4.171278914519561,-1.5752611174291664,4.458813224480217,2.8421709430404007e-13,17.520841221037898
48,8.641473316185126,37362.53184676644,3.610354296212528,-1.4952035318384251,3.9077220660894447,-2.0605739337042905e-13,23.30863833015993
49,8.736258723516853,36652.69807770033,3.2491983690679933,-0.8131986337369218,3.3494151817094435,1.1546319456101628e-13,26.413417004175727
50,9.26376865991401,45444.30808231462,2.872008400292333,0.030900299144803595,2.8721746255819762,-4.263256414560601e-14,26.836535584042704
51,9.885870037466297,47672.79085854363,2.8963287624532743,-0.022487656489009897,2.896416060394032,1.4210854715202004e-14,25.305280378376033
52,10.341949650061265,58732.58037139536,2.8072047016208295,-0.03050237334322477,2.807370412250877,1.4210854715202004e-14,27.141025511436172
53,10.772765985854821,70113.52529933162,2.7251704956023772,-0.0331388124063519,2.725371976628036,4.973799150320701e-14,29.176102265799845
54,10.985784318379213,82283.83807670361,2.6487892713323267,-0.01853135308403293,2.6488540946930925,-4.973799150320701e-14,31.960419230965396
55,11.200702603808374,92943.57977164618,2.5988251093576804,-0.012706721155634535,2.59885617335598,3.552713678800501e-14,34.280525618613325
56,11.386892192897417,103224.70719374836,2.567305088465511,-0.007825560015010972,2.5673170152224003,-3.552713678800501e-14,36.5353677231181
57,11.64492295496093,114236.69418816672,2.553190722579626,-0.005353125518816844,2.553196334365905,-2.4868995751603507e-14,38.76552944111329
58,7.30866042094593,71697.95872947958,5.143617153798059,-0.12902330011209895,5.145235119682818,-1.2079226507921703e-13,38.76552944111329
59,7.411234036568664,52100.11301029181,5.043673973827349,-0.23823596697125868,5.049297330344301,-4.263256414560601e-14,27.787723144039795
60,7.58402067396863,33699.180968607245,4.988851116316273,-0.39254924161532984,5.004271212460702,1.8474111129762605e-13,16.826404512537472
61,7.740740891413193,12668.84862753949,4.266925760774709,-0.3790196938325246,4.283726342365456,0.17848481386614878,2.5763394452431516
62,8.010348460018683,20102.98440817991,5.200121230155045,-1.0164367934411447,5.298528528126477,-3.552713678800501e-14,8.836581277294885
63,8.240582249136281,7799.988703755939,4.038035161605856,-0.8792267053104617,4.1326465570740885,1.2818172642952135,0.525646916581844
64,8.46056234941416,12379.838190687247,5.221542300071895,-1.281955612960257,5.376608055739269,3.12633119392558e-09,6.53811769326933
65,8.616880744065758,18119.894051652893,4.932039336733518,-1.5592448723549102,5.17264502851799,-9.947598300641403e-14,9.92436483850456
66,8.792265871428011,18177.151237112368,4.886462410283717,-1.9840456358299425,5.2738934357997405,-5.684341886080802e-14,11.64903196014872
67,8.791696650517665,26294.053946894728,3.9841057278951095,-1.9705739821813641,4.4448014882890705,1.2789769243681803e-13,18.74518871481923
68,8.85401334948354,27997.87095843352,3.354608421094034,-0.8154006945752348,3.45228561269035,2.3092638912203256e-14,23.289321451816235
69,9.398188991605938,37046.77348869568,2.9859784368262297,-0.0051280112205341595,2.985982840153354,-2.842170943040401e-14,23.819673262607104
70,10.052320762901154,39579.39071837378,3.0069674662533252,-0.07455205813787696,3.0078915127508403,0.0,22.314520093120983
71,10.499778875394862,50631.36847361756,2.893766433957108,-0.07561839824527328,2.8947542756596834,-4.973799150320701e-14,24.345104583878598
72,10.93019377962561,61676.09486881792,2.8015718648083805,-0.07299639975736015,2.802522682881165,-3.552713678800501e-15,26.415898217271348
73,11.367511497455068,71191.00133303115,2.7246778997930363,-0.07578997366137201,2.7257317875624123,3.907985046680551e-14,28.02075425603509
74,11.254859230950961,77679.2066074246,2.679687868092791,-0.04777394070895334,2.6801136953149114,-4.973799150320701e-14,30.056394089992512
75,11.55529508421357,88149.10523138623,2.6277883041157577,-0.038097875325113335,2.6280644625563996,-3.552713678800501e-14,32.14927613844726
76,11.76671410066347,98522.08646388625,2.5826996734021463,-0.027504152489245117,2.5828461203478046,-4.973799150320701e-14,34.37685489138861
77,11.941172069219265,108672.4886758155,2.55296340762624,-0.015394051174763014,2.553009819309388,7.105427357601002e-15,36.58755404977142
78,12.197991640802709,119662.29799627457,2.5365904955003997,-0.009201241084316643,2.5366071837595303,1.0658141036401503e-14,38.76552944111327
79,7.0251235983884674,68916.46250019087,5.424634199320441,-0.13257257170782885,5.42625392726936,4.263256414560601e-14,38.765529441113166
80,7.14042779544486,49372.919782709476,5.298889044864703,-0.2382865465218967,5.304244110902184,1.2789769243681803e-13,27.29413819638781
81,7.32106874490777,31213.059840756676,5.120908406703751,-0.43263381713322974,5.1391511876550595,-1.4210854715202004e-14,17.4197851849128
82,7.506467698928668,15121.74860456056,4.910176011697075,-0.4378929262588545,4.9296631406935845,1.7053025658242404e-13,8.629017329631587
83,7.521253927987676,-5501.938843833866,2.1810035019686613,-0.1598710674419312,2.1868550555088437,-0.22489427237612114,0.03015287546337264
84,7.600968736692339,-14616.171232637933,0.5515326678807867,0.11492615891521885,0.5633793621909701,0.3391630126805303,0.03524190243750025
85,8.085177152092408,1227.822446724737,2.5394385647679734,-0.5365495651338422,2.5955025833306617,-0.9325183751106539,0.0568065672624698
86,8.22892339733988,-8585.592518443027,0.6535916299332893,-0.05524112006137469,0.6559219466251217,1.0973945944933376,0.05552263335510893
87,8.44278100569794,574.4366893152352,2.0592493051513068,-0.5198280576277823,2.1238476664448447,-1.7371247309152187,0.07609223191203414
88,8.584282761716487,-3696.1164649358643,1.8035882958179181,-0.38952406933508654,1.845172008622163,0.00013871690061673103,0.07959642260740932
89,8.708680657305926,1964.4942126725687,3.8315029184702483,-0.9598544674236941,3.949903190317359,-0.11547773510486792,0.09772954534599153
90,8.82738748501746,6894.48811578622,5.767190699850439,-1.6997582312495383,6.012459281620289,0.057776780294361174,4.973777842441667
91,8.997972550978222,6513.658241885885,5.723275392792668,-2.3210521106561615,6.176015230075739,0.12072443114749376,3.745306845240943
92,8.971800883884848,15506.031054165223,5.007176141029889,-2.689191956955509,5.683622637777175,1.7053025658242404e-13,13.096609565141005
93,9.00087380376209,19628.572014906105,3.718963469039593,-1.298210311941433,3.9390404032050848,-2.0961010704922955e-13,19.924442565733326
94,9.560981499037728,28920.081996214256,3.1284154190467586,-0.06042559437795087,3.128998927226635,4.973799150320701e-14,20.627547557765986
95,10.260045105339769,31908.882686566416,3.1371083200032763,-0.15384377796264304,3.1408783038270673,-2.1316282072803006e-14,19.23162268216926
96,10.70252547819203,42892.0381989394,2.990581659880123,-0.1412286321768873,2.9939145263280156,-7.105427357601002e-15,21.483121904211856
97,11.10441880770453,54158.4430051045,2.874066963459456,-0.12503606841879214,2.876785520134354,2.1316282072803006e-14,23.85117441460751
98,11.54356571117029,65269.261598453224,2.784382506281489,-0.11588972164949386,2.786793205257682,-7.105427357601002e-15,25.99899143488216
99,11.987974447369114,74659.93870826018,2.7033395957987523,-0.1153545310452639,2.7057996300624394,-6.039613253960852e-14,27.613639460994676
100,11.768827639205082,81619.48633138293,2.6626077937051282,-0.07011237351844242,2.663530740956387,-7.105427357601002e-15,29.93445831952587
101,12.120347189784864,93510.29975018432,2.60385393564257,-0.05604651230693363,2.6044570508463125,7.105427357601002e-15,32.27103657154354
102,12.324136933613865,103959.44576506727,2.5599679802163275,-0.04024562996747302,2.560284314380796,-7.105427357601002e-15,34.48976874564143
103,12.490847295355579,114060.02097833155,2.5310122664876085,-0.021789649804376823,2.53110605900846,-2.842170943040401e-14,36.64970964812757
104,12.746650420253836,125044.64062269013,2.5122878366017,-0.01248422986595755,2.512318855148008,-1.0658141036401503e-14,38.76552944111329
105,6.725821900050004,65980.31283949054,5.7233863727831045,-0.147928306949033,5.725297752620047,0.0,38.76552944111321
106,6.8515390913259,45870.02178238915,5.552472229863699,-0.26391911342777163,5.558740969126018,-1.4210854715202004e-13,26.434257798179353
107,7.048079602570624,27924.70575847844,5.423341483967199,-0.43754145947613315,5.4409627255183475,-2.842170943040401e-14,14.784249743211628
108,7.2878095931420965,11622.538324430547,4.932667429706735,-0.7225557020580923,4.985307885644207,0.000501034650199017,7.559892785984036
109,7.337780545823495,-3509.3128462746527,1.8023880375978325,-0.4709092864143657,1.8628897428745086,-0.0028233783204429375,0.027210912898738407
110,7.68668119008441,-19533.029262224885,0.004651927517400502,-0.0035530663810649185,0.005853606609211261,3.469446951953614e-17,0.018434954886118335
111,8.09115982166357,-24359.6352567922,0.003954485341992264,-0.00529408749090661,0.006607973719787747,1.3877787807814457e-17,0.019600060783896138
112,8.728217103568143,-27573.928873912482,0.007549596482263283,-0.0070554589295728646,0.010333242847813633,0.0,0.023106486528176134
113,8.44216705918224,-17447.174763028,0.007993124208380626,-0.006224828839687981,0.010131067500219887,3.2439329000766293e-16,0.040925551050596844
114,9.211159326288346,-18688.604038199217,0.00880671184931556,-0.00817256984594737,0.012014535841378283,-1.3877787807814457e-16,0.04769387624742373
115,8.710951812101959,-9376.52019522332,0.007015453311503323,-0.0065456277309558246,0.009594885489579374,-2.8599123069739107e-11,0.06475436892820861
116,9.192721080906296,-11936.887521397277,0.0069856120317553436,-0.008942358924314072,0.011347447227877491,1.942890293094024e-16,0.0686823123461888
117,9.177247788804241,-8515.12008759145,0.004938365539070059,-0.009252624600354968,0.010488017743719193,-3.5229840411737934e-06,0.09118306748630892
118,8.99669357569395,-7090.595475914401,2.236022086879859,-0.5512163210100693,2.302962050395628,0.2653325858694413,0.11491597293483805
119,9.33115920465543,-1669.9712679054269,3.8087624831303257,-2.017743438253775,4.310215799181898,-0.38684339205772744,0.1542263901085411
120,9.219799072585573,6250.65540706838,6.492588376776387,-4.220357428735035,7.743714913175125,0.002903065664895621,7.770990838284132
121,9.194209353006544,11715.193752994195,4.330472805238763,-1.873423219594203,4.718337554332796,6.039613253960852e-14,16.275112033740335
122,9.770780938596557,21254.112956666948,3.306543077572641,-0.1516580194659999,3.310019226335687,3.108624468950438e-14,17.243290040941584
123,10.528750028708652,24826.981988898184,3.2811348818585713,-0.2814789019165043,3.2931863726751303,2.842170943040401e-14,16.0770560088368
124,10.950414173021246,35564.72034820964,3.0906658831247538,-0.23858611049415523,3.0998611151521036,-6.394884621840902e-14,18.59742060548704
125,11.335625284911675,46583.4013527095,2.9465598160801036,-0.19686903568441638,2.9531292160942306,7.105427357601002e-15,21.11757753451972
126,11.641078415583772,57511.166650228435,2.8445716219958554,-0.1628031654666172,2.849226664088009,-4.618527782440651e-14,23.632641454038723
127,12.132004067371911,64394.714761431,2.7760292322587743,-0.17253655090897643,2.7813858343916986,7.105427357601002e-15,24.559224309513873
128,12.435649093128212,71876.52359489031,2.713010972939636,-0.1614357917172736,2.717809789911401,5.684341886080802e-14,25.994663783735074
129,12.570078083761944,81031.86030718221,2.6614395700338074,-0.132934291320121,2.6647574206202185,-8.881784197001252e-15,28.130755752786058
130,12.32654354005777,86968.45461809139,2.6324351602455294,-0.09059444472914617,2.6339935888898225,-2.1316282072803006e-14,30.14562720740662
131,12.684066697059253,99009.41073961485,2.5734721991602787,-0.07193285165665214,2.574477324623058,5.684341886080802e-14,32.46718313069616
132,12.875801302378358,109369.40810771966,2.5315253445345207,-0.051313950302475576,2.5320453573181245,1.4210854715202004e-14,34.629529191863064
133,13.035095879548003,119398.85469524744,2.5024819180120086,-0.027453228885780306,2.502632499939477,-2.842170943040401e-14,36.72180081845595
134,13.289305882168293,130368.09070407096,2.4812196194734484,-0.01546772334793941,2.481267831276086,3.552713678800501e-15,38.76552944111329
135,6.409172673931937,62873.9839312723,6.070103358875716,-0.16936933499992857,6.072465789040937,-2.842170943040401e-14,38.76552944111321
136,6.556099846651684,43099.0767344231,5.863375668682274,-0.300866189034663,5.8710897366502195,0.0,26.22675711914394
137,6.747709986664975,20794.36718677813,5.424737851465683,-0.4661178422618857,5.444726494508186,5.1514348342607263e-14,12.772938272618488
138,7.004588377626662,6730.300525189971,3.776081676469975,-0.4416413147837332,3.8018206004881665,3.0468612521872274e-08,0.040166901635061654
139,7.256196618349602,-14036.381617688494,0.0058529497055297705,-0.0028118151251942483,0.006493329234971239,5.1087578611941353e-11,0.021334470294023418
140,7.665412559101742,-32164.33659727493,0.006129032328075277,-0.0034513205449409738,0.007033964087378006,-6.938893903907228e-17,0.007365508228350614
141,8.17855772816563,-36510.534475915534,0.006638774175899899,-0.004274535227862629,0.007895883356080814,9.71445146547012e-17,0.006764744375251777
142,8.799578701840831,-39867.994205726434,0.008292065493740385,-0.005277181172239149,0.009828885556212124,-1.5265566588595902e-16,0.007431139068540761
143,9.537612401821002,-42070.850096996764,0.01001861278447702,-0.005904019675835959,0.011628845620178494,3.885780586188048e-16,0.009395018292872367
144,9.483950581452188,-29475.381389162896,0.0094758209224596,-0.007255173481270335,0.011934350606457454,-2.8449465006019636e-16,0.02797633169931684
145,10.313341194869798,-30338.24141902501,0.011308854431504175,-0.007588199717221271,0.013618772466760305,2.220446049250313e-16,0.033901264038556915
146,10.083731517048504,-20043.318845831054,0.010669511211158953,-0.009097310286179678,0.01402139522045068,0.0,0.05713108689392607
147,9.827689694385938,-12856.610276706311,0.008818589279477346,-0.010646842142997845,0.013824715711291416,-2.498001805406602e-16,0.08145731655534867
148,10.290915931695638,-10240.854985802209,0.010087430677192971,-0.012848886909803117,0.01633554873544454,3.1958130586318134e-11,0.10955008412527484
149,10.123357331198855,-6489.47699571967,0.009610576242407418,-0.013091960612120637,0.016240769944200432,8.292318172431479e-05,0.14699190677893834
150,9.61028392358919,-1854.200900256834,5.219529851133504,-4.734020365525283,7.046590713819121,-4.046525864027672,0.1807602409835336
151,9.469375393166496,4604.572606963327,5.533638017862059,-2.995457212609192,6.29236947622283,-0.12652042529565577,12.171408975248902
152,10.056512746801102,14330.522971620301,3.5266127926658197,-0.3155488741406182,3.5407017498464373,-4.884981308350689e-14,13.64508528461991
153,10.894693221451083,18704.738873645172,3.401683153753216,-0.49560224207186204,3.437596523863015,2.842170943040401e-14,12.934432299741957
154,11.269954986526326,28974.318862512064,3.1706824195940304,-0.3844522301600725,3.193905215124223,0.0,15.765262750714285
155,11.620153241080946,39824.71207114384,3.008276286147503,-0.2998285592437799,3.0231810033035758,-2.842170943040401e-14,18.51759250571446
156,11.929932334366285,52100.91550169604,2.8795996222811415,-0.23024940642210465,2.8887901920699304,1.0125233984581428e-13,21.532490434123737
157,12.483131440781492,57359.61426354208,2.8040068987002353,-0.2525490794073121,2.815357122190361,-6.394884621840902e-14,22.00294357110379
158,12.806707925573047,66639.89852959785,2.735425673315263,-0.21449941254836316,2.7438228099160944,-1.4210854715202004e-14,23.94468560557151
159,12.961332132835427,76086.20576719007,2.6740005710873995,-0.18147538142080324,2.6801515569529952,-4.263256414560601e-14,26.142207717652752
160,13.144651408858609,86449.84065742175,2.618482087774072,-0.1500858519512229,2.622779862464555,3.197442310920451e-14,28.44660968200373
161,12.899233297182453,92629.97361544191,2.596356412690685,-0.10831318084136927,2.5986147015023247,-7.105427357601002e-15,30.44396636204719
162,13.241091756028865,104495.2324557789,2.5395454607070596,-0.08601085728240972,2.5410015770495473,-5.684341886080802e-14,32.697764057362605
163,13.42056194948251,114718.66868642572,2.4982149665284896,-0.06140918846301194,2.4989696091418616,5.684341886080802e-14,34.78456962588507
164,13.57239739352893,124671.6340760476,2.468004057313272,-0.03280900761231941,2.4682221249100085,-2.842170943040401e-14,36.801020268546
165,13.824510216213776,135618.44522105713,2.44378078288805,-0.01840929859604917,2.443850121649797,-1.0658141036401503e-14,38.7655294411133
166,6.072331109004603,59569.568179335154,6.473222838535143,-0.20078660216871388,6.476336092031006,-3.552713678800501e-14,38.76552944111318
167,6.232467772284039,40653.354832099125,6.233829287353784,-0.3343020187882318,6.242786671322005,1.4210854715202004e-13,25.619770461049825
168,6.428090604446543,21498.996108007643,5.993847375997206,-0.6669540316417408,6.030840243869155,-1.8474111129762605e-13,13.352958750932418
169,6.551855237431385,-155.4057598192872,2.7016170159251423,-0.35222020397481674,2.7244804225437798,1.464800503114816e-14,0.022635811702241215
170,6.761702252650359,-7200.9574558558015,1.6722778986501456,-0.10865721512912836,1.6758042131207822,-4.631017791467684e-14,0.019415386812217394
171,7.217921728874226,-25537.499285407826,0.005789647356199658,-0.00323735232874853,0.006633284752639766,-5.551115123125783e-17,0.008361849548660183
172,7.446320291277094,-44671.59794257171,0.0062089873424881785,-0.0030460662538095433,0.006915926795576694,1.6653345369377348e-16,-0.005715723170011677
173,7.969929725934227,-49344.989388585236,0.00703619229625306,-0.003666909320645031,0.007934369918001323,0.0,-0.005715723170011511
174,8.578384276555802,-53186.05024698758,0.008285713983434157,-0.004410130546201033,0.009386282951723316,-1.3877787807814457e-17,-0.005715723170011511
175,9.299875580978954,-55918.22055059646,0.009862410478035986,-0.005113737813407706,0.011109340883308507,-1.942890293094024e-16,-0.005715723170011525
176,10.136429621764297,-57521.62541049225,0.011415509090948616,-0.005675345253370343,0.012748466243061703,1.942890293094024e-16,-0.005715723170011719
177,10.374557763141413,-43266.16338934419,0.011630428171580815,-0.006349922305559808,0.013250976293879129,1.8041124150158794e-16,0.012122896583852535
178,11.287199013162365,-43609.85470139565,0.013099699376233155,-0.006516309061167752,0.014630940076712099,-1.1102230246251565e-16,0.01587433767839332
179,11.233206464409822,-30558.28791125767,0.013458642489290878,-0.007668375891168762,0.015489965992951826,1.1102230246251565e-16,0.04218024109671916
180,11.094439054974975,-21734.74770551548,0.013690428186395095,-0.008967462706077036,0.01636591614642223,1.1102230246251565e-16,0.06648784864019705
181,10.660208237481053,-15682.010183236473,0.012109459778046094,-0.010626100678617934,0.016110649637685028,5.412337245047638e-16,0.08391729342572432
182,11.421360735651142,-13165.338652224898,0.015233847564191882,-0.011303871351497689,0.018969649947751938,-6.215028491851626e-12,0.10830052018417667
183,11.45978315529463,-7827.005653937044,0.015052184269929327,-0.013737626548552304,0.020378680881828367,0.0005688016263541984,0.1443653710309437
184,10.45511482888768,-5108.683801388934,3.6286332386624225,-3.9042052054574956,5.330084189489614,-1.1826004326599104,0.18574089538576485
185,9.916877650214078,-815.4302513998985,7.257974530420037,-5.564706410108918,9.145717670851928,-0.758291758489186,7.282032731879324
186,10.479547331000381,8754.953260081698,3.7509536880020473,-0.6465137072511246,3.8062624112375323,-1.1461320781336326e-10,9.867558468360281
187,11.415523154982102,14099.74101371302,3.3009497220732413,-0.8169408272686353,3.400538396035806,3.552713678800501e-14,9.97287390054313
188,11.68794640561185,23330.279803239475,3.153606846191939,-0.5906574941509014,3.208443924357303,-2.842170943040401e-14,13.044852109761134
189,11.965450374214019,33501.33892031899,3.023036679610115,-0.43853916278514227,3.054679584435075,2.842170943040401e-14,15.938102125015181
190,12.204960294705677,45281.8194154461,2.9023753469524256,-0.325960057644608,2.9206219566689713,-7.105427357601002e-15,19.078550053636807
191,12.762396302424612,50482.11023213393,2.8113473241419196,-0.3417563058244654,2.8320436348211016,1.4210854715202004e-14,19.633689853836646
192,13.166167666029542,60526.63728422979,2.739198804216421,-0.2891421158965638,2.754417043986951,-2.842170943040401e-14,21.73139812579469
193,13.4332756344007,71848.69492811926,2.6733665040429067,-0.2355621794207027,2.6837246515453153,7.105427357601002e-15,24.27307103603405
194,13.550421505934155,81611.46775253637,2.6256531548251796,-0.19659120670368094,2.633002581084308,2.842170943040401e-14,26.551905936881134
195,13.702756920738432,92054.68420565696,2.5741909267102057,-0.1642375764370346,2.57942491820775,-3.907985046680551e-14,28.867120016381485
196,13.458435217871731,98128.00533310512,2.557890239873067,-0.12388686906364817,2.5608886027245097,5.684341886080802e-14,30.754455567815196
197,13.789822708092029,109876.60523833967,2.502586517550151,-0.09907221817071295,2.5045467818024596,2.842170943040401e-14,32.94030644598955
198,13.957038094480296,119984.38582672391,2.460469737332144,-0.0712581439019868,2.4615013815555065,-7.105427357601002e-15,34.951264278930246
199,14.101455066590788,129863.32682881846,2.4277597826214223,-0.03831088365671737,2.4280620432601334,-7.105427357601002e-15,36.88666519316329
200,14.350836007731244,140781.7012358435,2.3997964372833,-0.021623501032939727,2.3998938551932962,-3.552713678800501e-15,38.7655294411133
201,5.711173308272173,56026.61015415002,6.9124278837751625,-0.2606645417050326,6.917340909026724,1.4921397450962104e-13,38.765529441113145
202,5.882791100780782,37538.60410886062,6.66158251339388,-0.39093554339666686,6.6730436969831075,6.394884621840902e-14,24.54752906688859
203,6.104569795990777,21247.65620877859,6.341486650825275,-0.6559104710784,6.3753173637604466,-2.1316282072803006e-14,12.554863378008381
204,6.205961315341524,3237.9587468339305,3.4734604005440803,-0.5011695659171368,3.5094298807569038,-0.14740553365598963,0.024297025322832812
205,6.465739328607092,-16990.485119043897,0.0057580519221256095,-0.002225826831648479,0.006173286565710419,-2.7755575615628914e-17,0.009180221245987816
206,6.850598349548762,-22682.667451245543,0.005047677927076714,-0.0026401041237623466,0.005696420124938506,0.0,0.007618191826935104
207,6.980172490702846,-39434.50786620508,0.005701147084539999,-0.002627224169261519,0.0062773708600902985,2.7755575615628914e-17,-0.005715723170011705
208,11.071498844662653,-58158.59633385938,0.012743841820231036,-0.006016928999824692,0.014092868371201118,-3.3306690738754696e-16,-0.005715723170011525
209,12.06860175406074,-58187.01679266414,0.013578286184428275,-0.005983472530477593,0.014838187194843434,0.0,-0.005715723170011858
210,12.241363937075613,-43420.066679993935,0.014167132113079918,-0.006189219589978767,0.015460079930014501,0.0,0.02140920331016863
211,12.210429101937722,-29836.949081755985,0.01560334974887405,-0.007157422733447053,0.017166631107207744,-3.3306690738754696e-16,0.05369995057527632
212,11.93536294017252,-19383.611259336227,0.016131449971360075,-0.009129532802667113,0.018535696571034706,-1.5092094240998222e-16,0.08522474652322619
213,12.564405840911517,-13599.878503603291,0.01924752259263471,-0.010040835406251966,0.021709111027617568,-5.049927143119248e-11,0.11535413088555278
214,12.530473254690849,-6462.1040210597275,0.017765110046268035,-0.012395670955912416,0.021662220417197866,0.0014756647541073736,0.1618812710073331
215,11.672531151715477,-3043.1207930322676,1.478466834332384,-1.5798918226190122,2.1637750232866737,-2.63351743492791,0.19416925883942412
216,10.912664869033964,-856.7576347768105,5.302636056571486,-4.1461354034519955,6.731150565260744,5.6976280582633905,0.415789703530354
217,11.181103234124794,5911.492257443668,3.447822517190645,-1.1655615042247518,3.639507347180041,0.0015693506197322904,6.187166518411305
218,12.098302613242257,11085.149535743072,2.836372168208882,-1.067471840993394,3.030594530435205,3.0397018235817086e-11,7.478737132450766
219,12.224389902557858,18854.15073016136,2.9391544976728654,-0.8079140195923031,3.048172276011385,4.973799150320701e-14,10.529097701679769
220,12.396771358570783,28021.16880515465,2.9378637813641917,-0.6025686609216803,2.999021938728767,2.1316282072803006e-14,13.472913326615013
221,12.549153286216114,39048.44555714425,2.879726875954118,-0.4444074787662256,2.913816206845555,2.842170943040401e-14,16.67458573586031
222,13.108662223353939,44063.13524913652,2.7664223004762456,-0.43789633209357776,2.8008651417434027,-7.105427357601002e-15,17.274299359768204
223,13.322301591703436,52427.89677391866,2.748434162848504,-0.36539726286850194,2.7726170862967265,-1.7763568394002505e-14,19.297835899224367
224,13.745828066753377,57084.92430956056,2.6822430377848914,-0.35727457773556376,2.7059328959975426,1.4210854715202004e-14,19.93875965893752
225,13.774955936767833,66855.49716558511,2.666379153312159,-0.29468355798598095,2.6826136860466776,1.4210854715202004e-14,22.473543829137014
226,14.15629732154159,79069.14861644898,2.6090904617682202,-0.2497122443033003,2.6210130184043146,-1.7763568394002505e-15,25.008921507706297
227,14.083523871381077,88014.17960958404,2.579007652162317,-0.20217894470526235,2.5869203303530472,0.0,27.293540816801688
228,14.277964865303467,97549.38986282038,2.5361182651009324,-0.1782194812233271,2.5423725214976023,-3.730349362740526e-14,29.265988805329062
229,14.012312339615267,103536.25092559114,2.5186578310212266,-0.13812889637244516,2.5224426379558404,0.0,31.079500377213844
230,14.329255467722835,115176.89723053841,2.463253370249389,-0.11194090103030506,2.4657955980511543,3.552713678800501e-14,33.203492725221224
231,14.484388589875447,125164.32016881685,2.41849321851959,-0.08164943032544003,2.4198710869585005,1.4210854715202004e-14,35.13279177127777
232,14.621194956840327,134960.38032114762,2.381569366510664,-0.04452905757523073,2.381985618023447,-1.4210854715202004e-14,36.979490981826466
233,14.86672642590585,145842.58623813637,2.3482898862488266,-0.02560683315091532,2.348429496442792,-2.842170943040401e-14,38.76552944111333
234,5.324419275821974,52232.553095813564,7.547663529858592,-0.29526785134147854,7.553436824650966,-1.1368683772161603e-13,38.765529441113294
235,5.470961509896055,27890.460038987578,7.065641125783836,-0.5962224476564912,7.0907521269226,-1.9895196601282805e-13,20.25765988984887
236,5.764471125001986,18077.9266296591,6.68005448685854,-0.7395526178216321,6.720867951531687,0.0,10.735259665533269
237,5.892125176475012,5829.984346013727,4.318584217411049,-0.5977777363536758,4.359760069654284,0.015339647882242957,0.03899569330570876
238,6.048579014075427,-12187.031319378559,0.3500026522633144,-0.09099519696009424,0.36163791623827407,-0.03993778939386616,0.00980169224428943
239,6.552491252085596,-33820.06081704031,0.005871157502618791,-0.002482203068428864,0.006374309569943602,1.3877787807814457e-17,-0.005715723170011719
240,13.063216076580373,-58239.850288746544,0.013544306232721244,-0.005450071423781247,0.014599709238544735,1.3877787807814457e-16,-0.005715723170011858
241,13.170089833812238,-43196.07979220382,0.014497657151489339,-0.005237053252630395,0.015414564205744403,-6.661338147750939e-16,0.028297970704247753
242,13.125813776338582,-27442.860794560136,0.01768869916216696,-0.006006764034798503,0.01868077333033606,9.992007221626409e-16,0.06837631210239895
243,13.467834740283042,-17665.79404318475,0.022890318298806347,-0.0065066467356768905,0.023797124270877004,-5.551115123125783e-16,0.10002646169144733
244,13.51080440100563,-9230.494009187909,0.02479471043727779,-0.01054525838585299,0.026944018632951823,4.031348801114554e-06,0.13369154384993254
245,13.63178146259515,-3612.2238519415796,0.14809092433320586,-0.13949748917564994,0.2034464827815263,-0.27751967381206466,0.16588259435358588
246,12.709678221813146,-2848.0566440130387,1.0397229783978803,-0.5139747494718627,1.1598249501123965,-1.304620894652004,0.18537961491118068
247,12.012970478321819,127.2403923370419,2.380418345303696,-1.9862369988469462,3.10024658926462,4.271301768805067,0.21066426690879975
248,12.065185934331067,4859.399656217182,2.603676460764401,-1.3356704931821322,2.926285491659356,0.12251021384990857,4.097892935390792
249,12.831194007904802,8561.414423334722,2.324615151340291,-1.1053938581116711,2.574049568946148,1.8401138390800043e-09,5.317953123957636
250,12.84772412361082,15231.94024948186,2.562182972920327,-0.9365190252610446,2.727975342886871,-3.552713678800501e-14,8.219469529598422
251,12.907212896288978,23326.590996692878,2.720670779708025,-0.7457471074332167,2.8210260969728873,-2.1316282072803006e-14,11.135259839979641
252,12.964569096730385,33492.619952134344,2.7748727084610416,-0.569420735829104,2.832694569231578,-5.3290705182007514e-14,14.352886820304535
253,13.546518313298305,38988.162400767265,2.6547504036147855,-0.5308899494976386,2.7073130302886055,-2.842170943040401e-14,15.165361765103464
254,13.753092681758623,47922.96390675627,2.6824484320232442,-0.43322543509540945,2.7172069976498974,-3.552713678800501e-15,17.426814654798996
255,14.294580946620146,52133.74773378628,2.595483490005323,-0.418495937565063,2.6290061613942015,1.4210854715202004e-14,17.85059344700639
256,14.241326250115575,61120.95863895056,2.619440293058448,-0.35193162489800794,2.642976223408277,0.0,20.324550217318315
257,14.281269329694787,69895.93918870157,2.618066109434428,-0.3034298211939698,2.6355909792224828,-1.7763568394002505e-15,22.537304593722872
258,14.722008943419803,74971.6385640618,2.574855016896309,-0.29539271479674306,2.5917436628631085,3.552713678800501e-14,23.242054664212407
259,14.77119206573232,83731.50671381774,2.56153354745023,-0.2608076621718832,2.57477664106239,-2.842170943040401e-14,25.322418842490947
260,14.667316743640594,91994.21083100566,2.543676971981784,-0.22067813143405865,2.553231555398696,-1.4210854715202004e-14,27.421816092062798
261,14.81073275769183,103072.38459343126,2.4930658222706827,-0.18945905765932056,2.5002543727995663,1.2434497875801753e-14,29.773602488046876
262,14.55702636208865,108933.64272644349,2.4790396019135854,-0.15182487989639085,2.483684388566998,8.526512829121202e-14,31.446822309572717
263,14.858507245120432,120384.86269761472,2.4214673485177647,-0.1257535918663393,2.424730518182369,7.105427357601002e-15,33.49188568436048
264,15.001959625994592,130212.94944264802,2.373624093531803,-0.0936352000236808,2.3754702456730854,-5.684341886080802e-14,35.3257010829207
265,15.129966423285655,139966.03647664015,2.3290922019153295,-0.05247718690939384,2.3296833132785926,5.684341886080802e-14,37.08644642055115
266,15.370236090223841,150782.0160450959,2.287172545071435,-0.03147464629763604,2.287389102074264,-4.263256414560601e-14,38.76552944111337
267,4.907046479246514,48138.1259614083,8.076373429638046,-0.2818037064801299,8.081288331939986,9.237055564881302e-14,38.76552944111318
268,5.093769509314164,30022.12887349556,7.796895900087324,-0.5786719440049393,7.818340418245868,0.0,22.400338656599434
269,5.188427329503436,4529.452871029694,4.505565038092033,-0.5323502267766025,4.536905671978023,-0.4382154220521943,0.018656256747391044
270,5.5882582551853615,-2664.1802310575026,2.8850082400309516,-0.35986534564255385,2.9073657513358935,0.17200367516764314,0.011913696166724354
271,6.117564341485181,-28276.69381003037,0.005918107689356699,-0.002406982081879549,0.006388862290370023,-1.1102230246251565e-16,-0.005715723170011608
272,13.970648825614393,-59147.9350207228,0.012418345927317774,-0.0044936453335880635,0.013206368310576823,-8.326672684688674e-17,-0.005715723170011719
273,14.015650703284393,-43001.00884503622,0.013347292952449828,-0.003732520287805318,0.013859362786845401,2.636779683484747e-16,0.03547735517264164
274,13.828556863975221,-27486.39872043053,0.01904595794372761,-0.0029839553244583408,0.019278290986822565,-1.1102230246251565e-16,0.0731506246340889
275,14.247433454937154,-14782.124800244717,0.027334347210489825,-0.00353624711228367,0.027562140357068565,-4.440892098500626e-16,0.100986476988552
276,14.608167455199698,-3843.87726449096,0.1322023822621644,-0.18578664045934332,0.22802224814469474,-0.002508169036493868,0.12821249581799482
277,14.363176390556868,-1807.360689574573,0.3426058898571782,-0.38911744445956514,0.5184507511302995,0.14153820670874495,0.7977082205670476
278,13.669244229870987,1152.910242652107,1.2804307215872506,-0.8578230533739291,1.5412213415613665,0.0968121426172317,0.808198478613304
279,12.849692985156656,2831.0336119669023,2.194697732182999,-1.2045642158931387,2.503532121994733,0.142578096059907,2.509469751946193
280,13.542567189952647,5831.218749872207,1.862381094440441,-1.0963714832774791,2.1611325202942173,0.00011007265063511795,3.2361790978911635
281,13.4925515974561,11818.57940677052,2.1551170691797537,-0.961639172922506,2.359932092406265,7.105427357601002e-15,6.067474792582287
282,13.466595663219637,19115.449081903484,2.411279838910827,-0.823519563281376,2.5480296176938313,2.842170943040401e-14,8.919401275674652
283,13.426949471878547,28477.233905396013,2.5860026942392595,-0.6696944291798453,2.6713106451865962,4.618527782440651e-14,12.124071268785388
284,13.947656503212363,33656.680465417754,2.489242461157082,-0.6051816541374743,2.561751913228901,-1.4210854715202004e-14,13.034269835745313
285,14.288358163082663,42884.53305745088,2.5355179927291966,-0.5018088623506597,2.584697975738589,1.2434497875801753e-14,15.284326117028805
286,14.86348779222792,48103.70495493699,2.4802767394173117,-0.4525035143684089,2.521216399797989,0.0,16.034679825459285
287,14.79322157528731,56804.58537088011,2.544439056958625,-0.3957228273540711,2.575027508720168,3.552713678800501e-14,18.482941828407448
288,14.753100662912296,65654.23570796373,2.5752536438314313,-0.3422253100782131,2.5978932797413354,-2.4868995751603507e-14,20.85026695577204
289,15.235148558061077,72406.19312414282,2.540473170811531,-0.3247931055589068,2.5611510094158434,3.552713678800501e-14,22.013429597100558
290,15.227980088920035,81646.3827910588,2.5408377212698645,-0.28659545977458833,2.5569499962633695,7.105427357601002e-15,24.291870818748734
291,15.222814280644503,91189.42281682244,2.522640299378064,-0.2527867237828098,2.535274187887199,-2.842170943040401e-14,26.55525093649514
292,15.233702280216598,100403.1274958208,2.491923928798721,-0.22152380341476074,2.5017509193360947,-2.842170943040401e-14,28.64704342888689
293,15.309710724950657,109464.4307635926,2.4551586990054908,-0.1975396186475691,2.463092799355672,3.552713678800501e-15,30.55183197080022
294,15.108913103139534,114574.24807284406,2.436980221418715,-0.16587890102720884,2.4426191699468838,-2.1316282072803006e-14,31.89529049917642
295,15.380244723665639,124997.51207910596,2.3809272316371515,-0.14235997225846098,2.385179415484877,4.263256414560601e-14,33.71025979645086
296,15.491829789844093,134901.36862703462,2.3246390879235066,-0.10767588344297004,2.3271314928420046,2.842170943040401e-14,35.52045422395274
297,15.626674968028468,144802.46784046947,2.2657956769586773,-0.06350255788752024,2.266685382796406,4.263256414560601e-14,37.19866957251424
298,15.858548581197871,155572.36158155111,2.210157968566691,-0.04111534355627381,2.210540367759565,3.552713678800501e-15,38.76552944111337
299,4.4557412029103,43710.82120055004,8.726579887980108,-0.30701574782759417,8.731978882860004,0.0,38.76552944111327
300,4.7019958185487205,24057.82051557277,8.540868748932741,-0.5596379374501995,8.559184167169757,-1.9895196601282805e-13,18.802977728479807
301,4.644730532166009,3788.6454262879383,5.115144978046993,-0.4979911503002063,5.139329074131826,0.5275321266117601,0.02161890924848252
302,5.229809995722522,-17365.563941962064,0.007979279160357145,-0.002192700369204053,0.008275072859378183,-0.0005834575319170615,-0.005132265638094546
303,5.6798786860010475,-22760.390090329725,0.006085018721602167,-0.0021287910495159487,0.00644664286080345,0.0,-0.005715723170011608
304,14.728364267717932,-61524.74653368708,0.010163181643560143,-0.003315710839727781,0.010690378828305673,3.0531133177191805e-16,-0.005715723170011802
305,14.752279981772467,-48380.38027399782,0.011061199291341257,-0.0027442818984782288,0.01139654390159945,5.551115123125783e-17,0.02764175742608023
306,14.514010622805555,-36336.7055366249,0.012010338365171671,-0.0031240747107213747,0.012409998809189441,-2.5673907444456745e-16,0.05528267573171367
307,14.249730813934868,-28023.135144764616,0.015777728255860567,0.00010887530319979328,0.015778103902162253,1.1102230246251565e-16,0.0722176571375745
308,14.944274836906526,-10356.663849946977,0.11105730905837191,-0.07459102612239756,0.13378171427096802,-0.002680843846967207,0.08283131117965822
309,14.94127422657373,-5973.061129467154,0.29565553212799117,-0.23910360643845804,0.3802403559457658,0.012011697342281025,0.6105147804653928
310,14.750331025398724,-1617.6866284451833,0.49971300248884365,-0.386382074602207,0.6316677864434125,-0.2762243100814814,0.8823364102045016
311,14.196519890148025,2491.341255215976,1.215000359379973,-0.8351817389619803,1.4743657654696887,0.14060863068032603,0.9874365459393251
312,14.111265436024464,8119.059218795488,1.7736329814896896,-0.903896644654448,1.9906790543042279,1.4210854715202004e-14,4.063573745451419
313,14.03769919135436,14954.739735560337,2.080232159911985,-0.8265414803234217,2.238422805867407,-4.263256414560601e-14,6.811270995321877
314,13.918228280036546,23626.249406775765,2.3381084227477085,-0.7238989261469958,2.4476071277475375,2.842170943040401e-14,9.922683588640183
315,14.318492438604151,27666.158464016407,2.287244061042483,-0.6463961795949439,2.3768284363346566,0.0,10.729636089308377
316,14.541912720623781,35332.33309073957,2.372394374628024,-0.5656047052916297,2.4388857602222216,5.1514348342607263e-14,12.775524792193778
317,14.985179849701739,39982.27949434418,2.368036286162106,-0.507781920224987,2.421866703823271,-2.842170943040401e-14,13.602333733009756
318,15.427135360028768,46050.32751997857,2.368327361501796,-0.4512337343870678,2.4109306033743394,7.105427357601002e-15,14.837281887209425
319,15.336089977752168,54553.13078635234,2.460896082941164,-0.41037550274693135,2.4948782704352452,7.105427357601002e-15,17.267260852713704
320,15.27540827668352,63357.568062524624,2.516671304673426,-0.3667530241250974,2.5432542610740967,-4.263256414560601e-14,19.662954794676182
321,15.74248372323691,71747.93152000304,2.4996341753759395,-0.3371332320528067,2.5222668032668003,3.907985046680551e-14,21.35354493951814
322,15.717826826845887,80873.60744079626,2.5134915663524007,-0.3054708860245459,2.5319858444180263,-3.907985046680551e-14,23.623654279659277
323,15.707072299715648,90171.48861216842,2.5059538326285717,-0.2755107773205978,2.52105350988146,-5.684341886080802e-14,25.833468379686945
324,15.712759631116903,99628.52377460942,2.482079027757786,-0.24763752486198967,2.494401860918727,3.552713678800501e-14,27.976351108752777
325,15.739011819346777,109261.33422463704,2.447154342081939,-0.22047079467855593,2.457065677851669,1.4210854715202004e-14,30.047859470195828
326,15.711907750630052,119047.47234054432,2.4007832985379514,-0.1880056786085922,2.4081334227421545,3.552713678800501e-14,32.10759360124081
327,15.837851796026964,129841.56052549942,2.334385409389863,-0.15703461156867363,2.3396613235258648,7.815970093361102e-14,34.108433553492105
328,15.98822948167316,140354.61529550134,2.2648149519313834,-0.12415552931154389,2.268215457568038,-3.552713678800501e-14,35.88877400536268
329,16.136205374708616,149857.90978976976,2.188587436335857,-0.08177499965461366,2.1901146355968835,4.263256414560601e-14,37.35949201855939
330,16.327220871534863,160170.036749757,2.1083208389004024,-0.060839903429540376,2.109198486058392,0.0,38.76552944111337
331,3.9669551830781917,38915.83034599706,9.30937741563974,-0.5313306765177583,9.324527878377118,-3.552713678800501e-15,38.76552944111327
332,4.233563632778821,22450.053229632606,8.842160964412937,-0.44797215159862636,8.853501542847091,4.263256414560601e-14,18.75203891200453
333,4.188185048343449,5203.6319285261225,6.09021424410942,-0.4726520482062405,6.108527604736417,-0.08852949436128199,0.026988803321595384
334,4.673404586781995,-13013.901003668629,1.2270190313020592,-0.33547586027888837,1.272053362091113,-0.00020375266630012767,-0.004928512971794419
335,15.261991719446167,-66099.8612322331,0.009244478050537762,-0.0017181452271770592,0.009402786685262288,-2.7755575615628914e-17,-0.005715723170011497
336,15.160682760167576,-46224.75014369147,0.011356299179847647,-0.0016342691935901574,0.011473289278115766,-1.1102230246251565e-16,0.03507077206771362
337,14.982753488019727,-37524.06715773833,0.013550309080824325,-0.002461578547871189,0.01377208209143446,2.7755575615628914e-17,0.05599821707787783
338,14.741225383494848,-31968.578987915538,0.009436622578023867,-0.001946505747489225,0.009635285688814754,6.106226635438361e-16,0.07285484670980319
339,14.516775943244271,-24360.427996773702,0.0072261699195747525,0.0006664080290298563,0.007256833425656292,1.3877787807814457e-17,0.07729599368747284
340,15.051438005514695,-16324.218886835897,0.13786689515175735,-0.03315377209341048,0.14179722628742586,0.0009525882997206275,0.07652774321369021
341,15.15900072253257,-7528.065316063739,0.41590271427872727,-0.1917524249560156,0.457978231164894,0.0018811612350262408,0.08222072656935232
342,15.05502889684726,-1193.0838837955891,0.7822872005554462,-0.3936203729981121,0.8757341275707199,-0.006421795485948678,0.8843387554916258
343,14.666327056561022,4200.096894450064,1.4200676152182643,-0.7603071796005615,1.6107945366010679,-0.00028924157120258087,2.6170430419943087
344,14.595041574323693,11012.944149989871,1.7845405633943419,-0.7522582517383646,1.9366149590737587,-3.552713678800501e-14,5.014691939923211
345,14.445631727031042,19026.54487049901,2.076365098293127,-0.7176350132481043,2.1968823440615646,-7.105427357601002e-15,7.823031894604556
346,14.822195337055804,23655.826055006615,2.1154526374464737,-0.6361598382675315,2.2090358080175645,7.105427357601002e-15,8.909348228073348
347,14.702394756733938,29466.96491875438,2.251674541403933,-0.6073941900314863,2.3321590731531625,-1.4210854715202004e-14,10.833887451121955
348,15.134429081980956,31379.237141547983,2.2000041599848936,-0.5560572359296523,2.2691888316269675,-6.039613253960852e-14,10.927755194488839
349,15.539536245999992,37738.04256755317,2.2375392524820765,-0.4813818124718459,2.288735536442935,5.684341886080802e-14,12.364389041252503
350,15.935848581768914,45477.02883392627,2.2835289123537668,-0.4239250698317741,2.322545318909289,-4.263256414560601e-14,14.193742141655381
351,15.851742880875532,54046.73927216025,2.387875765229137,-0.39997766520256217,2.421142871213826,1.7763568394002505e-14,16.633164674792184
352,15.787236058953996,62794.32421603303,2.459365776310948,-0.3695557300315036,2.4869763688641413,2.1316282072803006e-14,19.019546809936195
353,16.23555267340471,72453.83718839429,2.4631486345469873,-0.3360142633665255,2.4859619428013042,6.039613253960852e-14,21.147942037835286
354,16.206874678469337,81473.2657702285,2.4861947507671456,-0.3129261355561383,2.505810668238167,1.4210854715202004e-14,23.385740055593455
355,16.190501902036708,90618.83364114883,2.487079046747106,-0.2895882165136057,2.503881690478211,-2.842170943040401e-14,25.554177405708593
356,16.18598274184746,99878.15606985739,2.4701402044131022,-0.26678449379141317,2.484505301983786,-3.907985046680551e-14,27.64843969327068
357,16.193293314863023,109242.93938146801,2.43898229534253,-0.24411696211465658,2.4511686453988446,-7.460698725481052e-14,29.663064746383018
358,16.201697448686303,118682.46942853504,2.3949507454295422,-0.22038754448224154,2.4050695920900984,-3.552713678800501e-15,31.593192660653887
359,16.23181229581624,128048.49863455468,2.3392569851907994,-0.1946893843171432,2.347344712463369,-1.4210854715202004e-14,33.39241506204093
360,16.282816168415792,136867.3105576869,2.283921296208457,-0.16808279077897775,2.290097882587242,-7.105427357601002e-14,34.96435954297155
361,16.550557416111616,146204.39529063282,2.2108283824537796,-0.15273012754676682,2.2160976125892216,0.0,36.314465504357074
362,16.64144743294369,154808.47947961715,2.1056586298769697,-0.11809654377966428,2.1089677710263994,1.4210854715202004e-14,37.565018763712125
363,16.767683743497233,164490.97752370787,1.9747372416985645,-0.11273435899230184,1.9779525296246772,2.1316282072803006e-14,38.76552944111335
364,3.4241101297616368,33590.520372961655,10.504770635169917,-0.9629101129630255,10.548810453467,3.108624468950438e-14,38.76552944111327
365,3.7244100722407025,14335.119314429252,9.022348261179845,-0.8431533271724854,9.061659653680278,0.004928512971787313,18.62164640857738
366,3.996543184357118,-9843.911361456672,4.937946682099372,-0.4204532014112323,4.955814598008399,0.010630241442143529,-0.015558754413937947
367,15.71482058393426,-61657.610071604904,0.009027204301108935,-0.0002365678024195962,0.00903030352862523,-3.3306690738754696e-16,-0.005715723170011525
368,15.540490004258452,-46398.85908836218,0.010560485103519592,-0.0005865036825976638,0.010576759058963187,4.718447854656915e-16,0.0289963568827162
369,15.44532987558905,-33788.45989531012,0.013475439166095447,-0.0006075032756939853,0.013489126026141133,-2.220446049250313e-16,0.05711119504374251
370,15.147942522978402,-27978.683849581874,0.008846172695182626,-0.0006833212795739218,0.008872524968920244,-3.885780586188048e-16,0.074409996685118
371,15.406890094641948,-15809.01770632606,0.15425233569087668,-0.048816207573182856,0.16179247568388025,0.004902965397400018,0.07743524155492476
372,15.42082367428248,-7748.358822007991,0.5100802460230486,-0.2367908661495497,0.562362669168916,0.017095819146593527,0.08279435647389947
373,15.367003990966595,-759.8673777485018,0.8209046186900875,-0.2818540515970291,0.867943603806364,0.003646469470929503,1.2358439056063024
374,15.137544250018315,6951.127466890475,1.6120358281947025,-0.587785179821576,1.7158528284795473,-5.393958545596433e-06,3.3862481448033486
375,15.006439581615629,15600.777698004793,1.861851023151752,-0.6336497994727509,1.966723493728359,-3.552713678800501e-14,6.1806475520395505
376,15.307042247895465,23384.82183089578,1.9797074285408536,-0.5629298035901653,2.0581864508323586,1.7763568394002505e-14,8.345882913090298
377,15.675697124831157,29687.936408769972,2.0753521435483555,-0.4958523309405615,2.1337656979691895,2.1316282072803006e-14,9.893215470908002
378,16.036923008772316,37085.907455930195,2.150694596086666,-0.4365015714271174,2.194543430304976,-1.1368683772161603e-13,11.717683108424442
379,16.40513381063718,46200.550738687816,2.2301265778865758,-0.3856899026216796,2.263232479083934,2.842170943040401e-14,14.049116155803334
380,16.335268342912947,54821.77735122937,2.3358901300645325,-0.3751888606830323,2.365829533358972,-1.7763568394002505e-14,16.476435490140187
381,16.278470896950257,63570.46544204071,2.4138993697183295,-0.3575790805498968,2.440240350042073,0.0,18.844000144771968
382,16.71714037526043,74086.87556787209,2.4362277928702105,-0.32693125017547753,2.4580662930634234,-9.592326932761353e-14,21.29328991539445
383,16.689532954015533,83077.67427979014,2.464283653734373,-0.3129274015040736,2.484072761549976,-1.4210854715202004e-14,23.50299531441267
384,16.670572580089235,92154.62468276045,2.470156564109213,-0.2969229087506992,2.4879382357592417,3.552713678800501e-15,25.638485467104925
385,16.66009515093677,101314.9288337747,2.457855532287747,-0.27999281958741545,2.4737521696034945,7.105427357601002e-15,27.695678313411467
386,16.65766547727026,110551.54455576518,2.43014531696419,-0.26248365705104676,2.444279839090008,0.0,29.668717857689813
387,16.66123082914205,119859.67424097324,2.3887314521741754,-0.24385500539673388,2.401146229254517,-4.618527782440651e-14,31.550749573484353
388,16.67441858504272,129271.3291537498,2.333775414651631,-0.22349805650999924,2.344452828976548,2.4868995751603507e-14,33.337698083711444
389,16.708143958777363,138913.8969704304,2.2652661851961917,-0.1981579386745492,2.273916765946602,4.263256414560601e-14,35.03345894229436
390,17.13307261074117,149488.0738903179,2.1753847647699867,-0.131893377883983,2.1793794387217242,4.547473508864641e-13,36.565033940302264
391,17.147298865191363,158921.31765700126,2.0429525793814514,-0.05399303380847986,2.043665943666227,0.0,37.82529279271753
392,17.164297772842414,168381.76115158407,1.9163585753597896,-0.012455070443667206,1.9163990498157628,1.6342482922482304e-13,38.76552944111319
393,2.8114320784863054,27580.148689950656,13.615190445964444,-0.20673047544554954,13.616759833725474,2.4868995751603507e-14,38.7655294411133
394,2.9939245875666027,-59.59979597162717,12.62513415059016,-1.4032303151248091,12.702876352924294,-1.0658141036401503e-13,0.0
395,3.6499182396456686,-3434.302069075991,8.363460591997512,-1.4964528383168656,8.496284139034074,-0.015558754413831366,-1.0658141036401503e-13
396,16.22009136897496,-56700.90367035565,0.008581969031711753,0.0007787091120814518,0.008617225791546735,1.6653345369377348e-16,-0.005715723170011858
397,15.98325325327306,-42108.75196218041,0.010324756360349957,0.0005291282699599963,0.010338305984379537,-3.469446951953614e-16,0.029273856454968786
398,15.849851480796318,-30709.889711276242,0.012776354053762538,0.0005449593019188738,0.012787971048913207,-1.6653345369377348e-16,0.056149927187631024
399,15.800987273681285,-21572.314845186596,0.0077312729159674945,0.00017473541916165965,0.007733247271869827,-9.88995517425817e-12,0.07639244629523773
400,15.486399862543262,-24658.4173484506,0.00697937456240867,-3.599507959812226e-05,0.00697946738140902,1.5612511283791264e-16,0.07569688426249921
401,15.790574690779705,-13175.00131858597,0.25147940490412307,-0.12829870110423044,0.2823162195056539,-0.0106300907358019,0.07799016904372867
402,15.714052059382684,-5561.167051471273,0.5366326012460153,-0.20950863828316366,0.5760802185766584,0.003321017513446378,1.099383159809966
403,15.723371132083837,3590.430161205897,1.1299015437098205,-0.36466661360694363,1.1872907131605939,-0.00028916974809334306,1.4698183089196923
404,15.555366203079652,10451.617757207292,1.659564640026127,-0.55243939098685,1.7490980747628107,-1.4210854715202004e-14,4.033868193108517
405,15.483889827586253,16865.094671930485,1.819432985758051,-0.5476464284844045,1.9000665778588337,3.552713678800501e-14,6.184795517782421
406,15.814991300802493,21896.29721345775,1.902956362979082,-0.4923316230166798,1.9656127152684004,-7.105427357601002e-15,7.484179668104003
407,16.149744278362558,28804.234968836085,1.9981360664658683,-0.43537198661179627,2.0450174832597385,3.552713678800501e-14,9.2123722626534
408,16.484901599970556,37671.755412203056,2.1012013637875673,-0.3862138641707167,2.136400786383587,0.0,11.563966980805267
409,16.85118650338859,47610.62618714525,2.1991648072717336,-0.3444167638260422,2.225971418672514,-1.4210854715202004e-14,14.237796865098245
410,16.798874523642205,56362.160492984185,2.303216206838228,-0.3444869739210586,2.3288357972694342,3.552713678800501e-15,16.660314806085143
411,16.75375482692328,65182.71700497191,2.3828901654091053,-0.3380448923713529,2.4067488214730246,-1.4210854715202004e-14,19.011844796472516
412,17.192981366514633,75726.30510024555,2.329585229886478,-0.5303148882183881,2.389184217253102,-1.7053025658242404e-13,21.56221849069717
413,17.168703505030543,84781.82348961264,2.3750922296322865,-0.4862375452894496,2.4243535323274896,5.684341886080802e-14,23.76289531393664
414,17.148828771986153,93880.53656897316,2.411925159184218,-0.41405589576206914,2.447207645117419,-1.1368683772161603e-13,25.885607613366005
415,17.134090835295183,103029.64162056174,2.4034991172602425,-0.396945741610155,2.4360570454020984,3.410605131648481e-13,27.92644613759444
416,17.12437331894145,112227.99699565764,2.3857877184344987,-0.34008445397741877,2.4099046606183427,1.1368683772161603e-13,29.87954626254223
417,17.11944195381966,121473.30451433887,2.3577430782431796,-0.2829634570030753,2.3746622372461217,1.1368683772161603e-13,31.73604541791888
418,17.11945573611122,130767.12392914608,2.3085023774750613,-0.2288013696632395,2.319813202300518,1.1368683772161603e-13,33.48329975683137
419,17.12413856994662,140106.74673959732,2.2502036746680703,-0.16884086117059396,2.256529152014331,2.8421709430404007e-13,35.105623625834056
420,17.17390335532948,148696.38871892734,2.1424672637224846,-0.046605333749691884,2.142974109329469,-2.2737367544323206e-13,35.734883877309265
421,17.20226498807569,159465.8278752215,2.008522296839498,0.014964658407546683,2.00857804376695,-2.8421709430404007e-13,37.23504603351796
422,17.268367749459937,169402.68762220198,1.9170342966552174,-0.027399964535384562,1.9172300990253892,5.684341886080802e-14,38.76552944111313
423,2.213862669066623,21717.992783543574,7.803658254326048,1.7200590567391647,7.990975241419628,-1.7763568394002505e-14,38.76552944111333
424,2.0,0.0,11.71999448545676,0.879398146500729,11.752940561374663,-29.695154705461178,29.69431980822778
425,16.614745056314504,-52829.35099755471,0.0071259881173912736,0.0019262970158607352,0.0073817563521505905,-1.734723475976807e-16,-0.005715723170011691
426,16.63429947340705,-35159.62737945893,0.00866202294904748,0.001551295786079694,0.008799838645437416,-3.7470027081099033e-16,0.025818612719106113
427,16.343373268335053,-35397.99096869637,0.009516985163891665,0.0011868200360114814,0.009590701142649182,1.1102230246251565e-16,0.0334090991216142
428,16.238194186836363,-26542.893116815678,0.012163109809702236,0.0021675136950514433,0.012354730100698692,0.0,0.056120642699025974
429,16.132789823940865,-18317.33182714012,0.008607380712596818,0.0008577969448499229,0.008650018400568726,-1.6226553921205172e-06,0.07720924743446607
430,15.934105215122441,-11793.512141612262,0.4190063904016836,-0.1088907717129571,0.43292442222828154,-0.0005368326936654455,0.07845136099691256
431,16.061084195390567,-1930.175458504479,0.8067668789432201,-0.21526875285841637,0.8349930735742676,0.013093215605785247,1.0594820541569696
432,16.094677799434088,6382.151547858047,1.496418512915578,-0.4144835234073724,1.5527604312876664,-9.242023971012259e-06,3.0022270443470154
433,15.932295124925727,14127.92299272656,1.7270864945928166,-0.4752792395494962,1.7912895118745185,1.4210854715202004e-14,5.158920393646553
434,16.253457294997194,20526.906275376223,1.8345248521961492,-0.4210962489014914,1.8822336422889188,-3.552713678800501e-14,6.692237181803368
435,16.56951842854229,29169.586161601324,1.9557285265969195,-0.37571782938699977,1.9914913901556883,-5.684341886080802e-14,9.019904896698296
436,16.907912683465106,38900.7514731525,2.0750377857027873,-0.33600212137581326,2.102065469404646,4.263256414560601e-14,11.740921288715391
437,17.28703104315993,48767.8797965589,2.075434609627927,-0.5800273846872451,2.154961852522812,1.1368683772161603e-13,14.509375819905465
438,17.253142951007163,57729.121823060355,2.180183974445328,-0.5835765683934498,2.2569368120543607,-1.1368683772161603e-13,16.936194208692925
439,17.2214402257187,66711.80229851043,2.265300143142466,-0.5643077101871451,2.3345294879906606,8.526512829121202e-14,19.286488357454314
440,17.260574674281838,69577.52340163628,2.1878117154720194,-0.7694962700626924,2.319190507913702,-1.1368683772161603e-13,19.35444733823509
441,17.229403796737227,80566.15833551649,2.244073560550469,-0.6913582056598068,2.348157216562555,9.094947017729282e-13,22.05791915456725
442,17.19901084462743,92445.48372893207,2.291563360908627,-0.5858731821684185,2.36527165937509,-5.684341886080801e-13,24.875396015985988
443,17.183506876435473,104090.52236660078,2.292151202201358,-0.4710742834255803,2.3400572886700988,-6.821210263296962e-13,27.39691400664046
444,17.1728148008645,115205.08932390467,2.28371333061274,-0.36457373848865426,2.3126306638142475,1.1368683772161603e-13,29.695203106616816
445,17.161599443725176,125682.02389995234,2.2784689094107065,-0.270053939448415,2.2944170722348676,-3.410605131648481e-13,31.836034934557404
446,17.184366969683598,136326.43257675777,2.1952837886353835,-0.1766831953555791,2.202382315622422,1.1368683772161603e-13,33.421471151604635
447,17.237382646768943,149052.30744665483,2.034184576800198,-0.0840162087997618,2.0359188627823275,-3.126388037344441e-13,35.20417931884235
448,17.32257329910708,148999.48498615538,1.901913720866118,-0.1254883951131444,1.9060490914262609,-1.1368683772161603e-13,34.88406716113929
449,17.371449172386082,170413.91638110747,1.7956153256023295,-0.06003525820783506,1.7966186656511285,5.684341886080802e-14,38.765529441113074
450,1.859420834232641,18240.91838382221,3.848042263456824,1.10920016534802,4.004716502844863,-2.1316282072803006e-14,38.765529441113316
451,1.8000000000000005,7848.000000000005,4.467900419483674,1.4006461458782613,4.682301120644209,-8.504431046797668,38.19875085502545
452,17.0287840791044,-38957.62818398583,0.006619570538866438,0.0033311651748149204,0.007410490910926767,4.0245584642661925e-16,-0.005715723170011865
453,17.042674230468894,-26171.847198078627,0.00890428130442378,0.0031494286261786043,0.009444846542940977,-4.440892098500626e-16,0.019748318142345612
454,16.875523327387413,-19426.04240203161,0.011566726522208769,0.0006431899183908617,0.011584595621370968,1.1379786002407855e-15,0.04871239803181007
455,16.57372645884094,-22669.939049207616,0.008279613831538347,0.0019514988869280341,0.008506488882322862,0.0,0.051479574573039866
456,16.542231870001675,-14300.705355283566,0.21303541683325303,-0.0693203050056223,0.22402989423599337,-0.0021361316003858377,0.07520733037432845
457,16.295545058175364,-8360.995010408233,0.43395063568756953,-0.11968539717731348,0.45015302788178263,0.0028397328860023663,0.08005737348149806
458,16.26787022507328,-888.0343615348627,0.71241976746994,-0.1754986364609084,0.7337177226165124,-0.0041905084499882506,1.3101171010133614
459,16.60176704444087,4343.336276936641,1.1338886027452901,-0.19824632570541592,1.1510886017554705,0.003755640521816872,1.6162177963923026
460,16.373415677738574,12388.563477138567,1.6677462298786032,-0.3923275641901766,1.7132712584111403,0.0,4.211025567053833
461,16.64755893459583,20607.766238800385,1.8003586318356681,-0.35274826199794385,1.8345905645586889,5.684341886080802e-14,6.420169094776144
462,16.965172357338954,30200.67769097556,1.9369876099236307,-0.3184355709040963,1.962988082952792,-4.263256414560601e-14,9.165263591252574
463,17.320730426192622,39804.786533579645,1.9921924881083783,-0.5103051905991796,2.0565121680233056,-4.263256414560601e-13,11.998124535982289
464,17.366790935818745,38568.46801940138,1.9636095415791608,-0.7977367241477641,2.119468403358429,3.410605131648481e-13,10.967952061701085
465,17.323401332928363,49460.89643303936,2.0532927543272033,-0.836722706418306,2.217231612260787,-1.1368683772161603e-13,14.113997384468083
466,17.29749368506573,58640.36343919585,2.1178228251795423,-0.8191333407919337,2.270716395512309,3.481659405224491e-13,16.515395888243244
467,17.345224763378184,59209.01414999101,2.0958919564435052,-0.7929739009311385,2.2408861418292836,3.410605131648481e-13,16.17732200351987
468,17.306030817554102,71721.65232249108,2.144630687555074,-0.7297219547598647,2.265377433731851,0.0,19.35223689706224
469,17.270402001993272,84777.9680731358,2.1804021810639935,-0.6385636918192223,2.271985312386155,-7.389644451905042e-13,22.4907252494962
470,17.24669070037019,97419.06432781286,2.197664496874522,-0.5299673668202171,2.2606624362600227,2.2737367544323206e-13,25.327022094493813
471,17.231150739389435,110214.29374117467,2.189584494953538,-0.4157654738224615,2.2287084129072956,-3.410605131648481e-13,28.023020263008895
472,17.216069903070583,123068.48505841308,2.1796239543296134,-0.2956023246129185,2.1995775313918857,-6.821210263296962e-13,30.63858011184427
473,17.25844831788926,133764.75985352465,2.0574645111216716,-0.2145890712311754,2.0686248292082827,4.405364961712621e-13,32.271920062934875
474,17.329216695373617,129560.72907909866,1.9588040549160564,-0.2610936558108598,1.9761283416469346,7.105427357601002e-13,31.195499265622974
475,17.40066945650837,130950.36810276625,1.821679156629078,-0.25913335370091506,1.8400176751045387,-4.547473508864641e-13,31.437775236667843
476,17.41496630833363,150254.8073737098,1.7408572114461833,-0.12836792543694978,1.74558361441816,-4.547473508864641e-13,35.053635056151265
477,17.466626138466815,171347.60241835946,1.64806562824867,-0.06667029368469866,1.6494136058231992,3.979039320256561e-13,38.765529441112676
478,1.8000000000000005,17658.000000000004,1.1049746621117165,1.0809534738049393,1.5457779324469176,-0.5667785860878389,38.765529441113294
479,17.500843577198317,-24516.724507684507,0.003144596082242428,0.0019928075683961106,0.003722870737094057,8.326672684688674e-17,-0.005715723170011462
480,17.60273204322743,-10154.707242082124,0.131223491842294,-0.05895341013723225,0.1438579486093602,-0.008867934773957975,0.008713045542774977
481,17.410713078296396,-8208.4402746755,0.07864646319684976,0.005501463075212893,0.07883864705422952,-0.0023455537039680507,0.03836587082133487
482,16.861204980225896,-11171.579143983961,0.13888122125048724,0.052441172607948915,0.14845224889008413,-0.00238436103959927,0.0664653538703864
483,16.76476373813399,-12117.66772890556,0.1827284341999563,0.05872539751750858,0.1919331992615065,-8.527675539293789e-05,0.06620303330314477
484,16.64016671656638,-13339.96451048381,0.3495384902284523,-0.012804195239128398,0.34977293143825117,0.0020812454921657064,0.06757189870778733
485,16.511533096065282,-6100.965326064973,0.4735169141457523,-0.10732907402275538,0.48552837003896887,-0.00010208898612162898,1.2301384307519372
486,16.761104194943123,-3738.593262008232,0.6477824948873236,0.0066969509209614374,0.6478171114088321,0.00446691440723157,1.0060353230981565
487,16.995018265096657,2866.968688272082,1.1111127156472358,-0.06523521100151336,1.1130261001555115,-0.0021291839400880974,1.0665326736579328
488,16.76517892375355,12077.993460909936,1.6115152597329676,-0.2775884934303385,1.63524823927046,-2.842170943040401e-14,3.796744525375095
489,17.016202055662934,21568.334886545283,1.7907351859738494,-0.2872989876289846,1.8136353587690763,3.552713678800501e-14,6.5410595015769335
490,17.35203707572823,30818.220555003845,1.896692238729684,-0.5097782034958293,1.964004904580652,5.826450433232822e-13,9.383849872678098
491,17.40532651161138,26848.410874179976,1.931515330781003,-0.6646698942428663,2.042679010846998,-5.684341886080801e-13,7.454729996086911
492,17.446247124421742,31299.30630149417,2.0397291906718613,-0.7385416546169701,2.1693176224064694,0.0,8.334046627060037
493,17.38979647633906,45626.4992903271,2.047963632462341,-0.8059466961183297,2.200841910922363,2.5579538487363607e-13,12.524760610254079
494,17.43221288474469,48924.074600242486,2.053583488944695,-0.8021575098438172,2.204690866462938,-4.547473508864641e-13,13.18213242786139
495,17.401215869487068,61480.350930585904,2.059566486365217,-0.7666160203301303,2.197615579300796,1.0231815394945443e-12,16.394519032645693
496,17.346436925062,76566.90236231252,2.085451396709942,-0.6861779985043267,2.195437945757259,-2.2737367544323206e-13,20.146793597000784
497,17.32100432499422,90192.67007386181,2.0933395702434177,-0.582263094090141,2.1728094410431673,-5.684341886080801e-13,23.25828560309956
498,17.303445555679613,104554.08115096099,2.0801717719454054,-0.4675867069098964,2.1320769051038777,4.547473508864641e-13,26.333881166031652
499,17.285737768728758,118622.75060183414,2.0647044782259196,-0.3394430023948362,2.092421117815672,-6.252776074688882e-13,29.226092640214514
500,17.374913083788343,113431.76179529286,1.9334786141389788,-0.39518830073496786,1.9734521388598654,-4.831690603168681e-13,27.946018854616565
501,17.463807640495396,113150.66127385426,1.7649877006672832,-0.3997840979987454,1.809698568413937,-3.410605131648481e-13,28.103313643576783
502,17.48519806072581,130674.0493049602,1.6724541099178616,-0.2677328142419843,1.693748390287967,1.0231815394945443e-12,31.6063378187474
503,17.50141169488857,150503.0211276746,1.588556923512663,-0.135204892068431,1.5943003048608042,7.958078640513122e-13,35.19350343461942
504,17.553170699237494,172196.60455951982,1.492288335342283,-0.06954768934635425,1.493908081808268,1.7053025658242404e-13,38.765529441112506
505,17.782700748777913,-11941.705654488676,1.0930497540766115,-0.13934000163156043,1.101895367510738,3.888308827271203e-05,-0.005715723170011379
506,17.63659861267054,-1351.0938347904666,1.1738457530281843,-0.2910086291139253,1.209379954406832,-0.006769140600340506,0.00033774271598423965
507,17.52296395477124,7236.153755476736,1.716666425493205,-0.3915544102542776,1.7607550859234207,-0.017727635268045105,0.21958884463437828
508,17.434941524651343,2784.715993785005,1.121237097665732,-0.08078900695508619,1.1241438932924304,0.0460675954672638,0.03886504570264749
509,17.391637765404617,3325.650689149221,0.8343817094307882,-0.05307323559544923,0.8360679430340661,-0.005204430474663013,0.12580233776564176
510,17.39025070427796,12605.72783001685,1.766722820345848,-0.22784789237655825,1.7813545929969214,-4.547473508864641e-13,3.585098539626399
511,17.083871640440112,13603.675789320776,1.7124011217823643,-0.21488464190925907,1.7258311073827504,5.684341886080802e-14,4.085397544871123
512,17.377060733054687,21770.018422846468,1.8268726897891854,-0.40431837842725415,1.8710791473990664,-1.7053025658242404e-13,6.629660555091592
513,17.432233852424243,15064.127193809836,2.1169807388533153,-0.41587020249449,2.157441881951571,5.684341886080801e-13,3.827058299798469
514,17.470914627218004,19714.44536443193,2.121814272642207,-0.6311304610280136,2.2136895596324275,-1.1368683772161603e-13,4.6590423038795805
515,17.563299356120705,17749.70429460695,2.259319548249703,-0.6696839520833195,2.356480727012461,-6.252776074688882e-13,4.638259023302977
516,17.49718006436304,35310.48956225373,2.0958393153746857,-0.7850050909534954,2.238029362786185,9.663381206337363e-13,9.46663571514075
517,17.518325779815633,45565.68090602403,2.0403813629959786,-0.8158878779558314,2.1974597006217422,0.0,12.206897116342637
518,17.468926471549153,61546.580129149086,1.9925716150399915,-0.7694699772423956,2.1359835408870764,-3.979039320256561e-13,16.309235236096587
519,17.416351977769757,71228.87986735418,2.0121495699661702,-0.7169358033153206,2.1360577796469897,-2.8421709430404007e-13,18.690308613063745
520,17.400570117806858,82041.85789022053,1.999888624899997,-0.6426211401446035,2.1005990673532042,9.094947017729282e-13,21.213489214151842
521,17.381180657017236,96605.52492108346,1.9803417695252763,-0.5334262327760567,2.0509259055217375,-5.684341886080801e-13,24.44223367992036
522,17.45824797752647,97596.75797203834,1.8437155892101817,-0.530870352893627,1.9186220329908785,1.1937117960769683e-12,24.792826532601985
523,17.54364672192908,93904.94577248584,1.7040172441177868,-0.544932569139649,1.7890294221057168,0.0,24.57072174371796
524,17.54635562884945,110417.1333286056,1.623921246164306,-0.4229874176625696,1.6781056490116113,-4.547473508864641e-13,28.114662346779877
525,17.57388805313549,129175.67955145182,1.5017469920634672,-0.2893689647010982,1.529371905686729,-1.0231815394945443e-12,31.822109397477636
526,17.58041856487483,150933.15718486035,1.429703488175691,-0.13677685208155863,1.436231169194945,-6.821210263296962e-13,35.449442513526265
527,17.630890674364398,172959.03751551473,1.3331418182701409,-0.06844692798796875,1.334897782443138,4.547473508864641e-13,38.76552944111205
528,17.99999999999999,-1.0455636356709874e-10,2.3909549424465557,-1.130766113382678,2.6448624803539746,6.610686047093083,-0.005676840081738667
529,17.7224305913174,8573.515262574996,2.360299075306067,-0.6913591177626306,2.4594692831186564,-0.0012003369308786205,2.289350029344558
530,17.618193546186106,26260.574612381963,2.2400707467398937,-0.831024979441869,2.3892508170671793,-2.2737367544323206e-13,7.063705184338277
531,17.635511218228867,36723.6228531578,2.074559814392751,-0.9023538834690443,2.2623087663943995,-3.410605131648481e-13,10.173157000278513
532,17.561938883578186,53726.52177197895,1.9441468095896666,-0.8144965969278443,2.107868953147875,-4.547473508864641e-13,14.563062647819168
533,17.487865417661833,69282.67581478393,1.930348390704425,-0.7245511080342667,2.0618484953189085,2.2737367544323206e-13,18.27176243028288
534,17.48182050346852,75976.9754725194,1.9074431066557156,-0.6694397597203842,2.021506566158738,-8.242295734817162e-13,19.908131442983787
535,17.445155001948347,86071.65515774282,1.9163893033451191,-0.6046347757465689,2.0095101826110997,1.1368683772161603e-13,22.18087086518486
536,17.49656981693453,80574.82950074215,1.8594561902123865,-0.6383350016030291,1.965972761151767,6.821210263296962e-13,21.10944420787751
537,17.534030102138964,82342.16706229093,1.7712842476686368,-0.6316727533822659,1.8805473547360039,-1.7763568394002505e-14,21.80307776175469
538,17.62505199504554,72767.32384739253,1.6725120764391976,-0.6968553761202553,1.8118785999792202,-6.252776074688882e-13,20.47922656351802
539,17.643407589262566,85582.6136687252,1.5393640548932113,-0.5939134411511136,1.6499620811028435,-9.094947017729282e-13,23.91949471623834
540,17.616959244076902,107159.99534856771,1.4789457222507103,-0.44424113380051483,1.5442249299645572,-2.8421709430404007e-13,28.162646251557007
541,17.671431972685664,112412.16504288986,1.346689986083604,-0.40584664448086466,1.4065153456163337,-5.115907697472721e-13,29.778706330213005
542,17.651381768775284,130686.0148747194,1.3316107287950996,-0.26464033241590984,1.3576529890157572,1.2505552149377763e-12,32.638170797007454
543,17.651852316096317,152363.48309850204,1.2744588127122527,-0.13463100919358018,1.281550144916853,-2.2737367544323206e-13,35.8952664620078
544,17.699811791952083,173635.15367904992,1.1598326275520079,-0.07062144326784167,1.1619806849442154,-2.2737367544323206e-13,38.76552944111228
545,17.99999999999999,9809.999999999896,1.8271304441990537,-1.4344685607910208,2.322951939239573,5.25994093720189,6.605009207011344
546,17.78417457783354,20319.570837068022,2.309111701491831,-1.1873598643918946,2.596501549688588,9.094947017729282e-13,6.120341156347244
547,17.684019570466564,42926.62001214461,1.9001426345453478,-0.9206592998745332,2.111434483488039,-3.410605131648481e-13,12.623848625318765
548,17.58538288518955,63908.971019248755,1.8272467612874883,-0.7497742244396848,1.9750929381347466,3.979039320256561e-13,17.570797387082518
549,17.712988790289963,52354.49182539335,1.7010568063866476,-0.8775439735019148,1.9140735837432872,-4.547473508864641e-13,16.176966801198372
550,17.739074839494553,62434.31896860005,1.5365539079539081,-0.7966086368722682,1.7307753269526118,-2.2737367544323206e-13,19.754556330099806
551,17.76616324333771,71792.48637328307,1.3804909772672076,-0.7139647020735694,1.5541881913472289,4.547473508864641e-13,22.826041772541338
552,17.696976250476528,92542.08609502339,1.3851127985693799,-0.5418028494849173,1.4873089095647465,-2.2737367544323206e-13,26.30001957467183
553,17.74083828508456,98366.94333473046,1.2488077059394453,-0.4967329304714948,1.343973322141678,0.0,28.195098168928478
554,17.75085771313913,113028.34711120925,1.1710190341721527,-0.38610039357141657,1.2330284231555588,3.410605131648481e-13,30.935809065311282
555,17.709068143448125,133405.57137006085,1.1851987288960086,-0.2460347450875342,1.2104664897331947,1.1368683772161603e-13,33.554973470753424
556,17.71470338105177,149772.9741400612,1.1488159856494977,-0.15069696286411113,1.158657733543558,-8.668621376273222e-13,35.80788227645862
557,17.763496212594898,152457.95009312636,1.0182252488370813,-0.13101299450937245,1.0266192391045712,7.958078640513122e-13,36.35496846306669
558,17.76045086299019,174230.02296593378,0.9957986011854284,-0.06297267919164382,0.9977877592190784,-1.7053025658242404e-13,38.76552944111245
559,17.99999999999999,19619.999999999894,1.4913090554575188,-1.2071915073959707,1.9186750726526243,4.363765995327242,11.864950144213234
560,17.830266117691334,29685.082646250932,1.7957108148717118,-1.1229297583967017,2.117911370416643,-2.2737367544323206e-13,10.918448207782951
561,17.852307295010938,39327.93588903761,1.5184012804307947,-1.0001314836981676,1.8181874031843293,8.526512829121202e-13,15.179569569020526
562,17.8536817926262,50229.895624567376,1.3904781430799897,-0.8857550971136092,1.6486332395186978,0.0,18.899429353657855
563,17.88105913700871,56555.949100479585,1.20329545297659,-0.8297436669767624,1.4616410298162066,3.410605131648481e-13,21.64709836289692
564,17.798016682945722,80333.49858092013,1.2269178358325212,-0.6351018343903946,1.38155047534645,1.1368683772161603e-13,25.5798453543118
565,17.82227412163454,90565.5986694577,1.098129984025776,-0.5442643349933354,1.225607248739248,3.410605131648481e-13,28.252522757836665
566,17.83733382016895,102858.26418451422,0.9846499789572573,-0.45064351155932897,1.0828735639819869,-6.821210263296962e-13,30.726725127302565
567,17.780801835199263,128143.87618767585,1.034084703147929,-0.2769797569192995,1.0705367621093704,-3.126388037344441e-13,33.546206421883504
568,17.827486950317464,133353.0406459426,0.8846826016620216,-0.2352033843505521,0.9154146261085393,3.410605131648481e-13,34.70257540991264
569,17.813890445218394,153909.95533297496,0.883642905770631,-0.11727676031424189,0.8913913974391767,7.958078640513122e-13,36.770098088819005
570,17.81300547986172,174745.58375744347,0.8568585989965175,-0.0591643099292657,0.8588987566900309,-1.7053025658242404e-13,38.76552944111262
571,17.99999999999999,29429.999999999894,1.2743595947031086,-1.0014988331574197,1.6207998918520277,3.855944625131997,16.228716139540474
572,17.99999999999999,39239.9999999999,1.042314603757503,-0.8629450263008899,1.3531791646428806,3.24306377034884,20.08466076467247
573,17.894885430087303,66082.0336075081,1.0703448134595366,-0.7299567320907189,1.2955596668715386,1.1368683772161603e-13,24.64218459217282
574,17.907299625484004,76035.75173145256,0.9503189167619032,-0.6307972075937891,1.140618762191662,-1.1368683772161603e-13,27.3452583526078
575,17.918845891657078,85974.48622070528,0.8360300432069775,-0.5394495023014323,0.9949633152422875,3.410605131648481e-13,29.67160899014582
576,17.863398325411087,112030.05337029381,0.8643153126735363,-0.3752808072217895,0.9422720647408532,-5.115907697472721e-13,32.57242812874898
577,17.891689210935805,119500.81459189173,0.7404127662728839,-0.3136979034792286,0.8041252633185502,5.115907697472721e-13,34.03396209575278
578,17.86499650695525,136889.54501670552,0.7655961372703887,-0.2032129500661895,0.7921066522116472,-1.7053025658242404e-13,35.499562114386805
579,17.859827811039377,153929.6508032903,0.7526026315812331,-0.10837248413982135,0.7603652519556855,-3.410605131648481e-13,37.01639168614387
580,17.857764376589344,175184.66853434147,0.7178030099044546,-0.05621015090766923,0.7200005153421472,-1.1368683772161603e-13,38.76552944111273
581,17.99999999999999,49049.9999999999,0.9177337112391241,-0.7566097325249012,1.189408866662822,2.856986717250038,23.32772453502131
582,17.99999999999999,58859.9999999999,0.8057183188171068,-0.6565724899627842,1.039360112691167,2.499428609409165,26.18471125227135
583,17.99999999999999,68669.9999999999,0.6960593847129116,-0.5634148445467707,0.8955082099582219,2.1469039513671078,28.684139861680514
584,17.93161438358752,95353.9346799715,0.7190807985843869,-0.4569236529183159,0.8519720767073162,-1.1368683772161603e-13,31.638274823947608
585,17.941142779301614,105576.65830316322,0.6181901643926454,-0.37737107289939154,0.7242706717885543,1.1368683772161603e-13,33.38976570175947
586,17.91209713099688,132954.09437310568,0.6154857585483349,-0.22218190731197765,0.6543603891683905,2.5579538487363607e-13,35.7667330469603
587,17.892888299439914,156253.174165688,0.6358101527461633,-0.09277845326345567,0.6425436885730484,5.684341886080801e-13,37.414422300653705
588,17.89509049633553,175550.83776905155,0.606370849831252,-0.05393946592732909,0.6087652039247975,3.410605131648481e-13,38.76552944111239
589,17.99999999999999,78479.9999999999,0.5945342583430414,-0.4783855407997641,0.7631013759585243,1.8397726757262376,30.83104381304762
590,17.99999999999999,88289.9999999999,0.5048344729375112,-0.40193158394109424,0.6452959346187542,1.513040328532668,32.67081648877386
591,17.956932591026842,111983.18220373309,0.5197490981875583,-0.32957420744385235,0.6154334109219483,3.410605131648481e-13,34.566241016040806
592,17.956618901438596,125381.87579468566,0.4619928640512909,-0.25078309883881233,0.5256705899111268,-1.0231815394945443e-12,35.90422499409918
593,17.928547737613307,151016.45602075482,0.5066857772265775,-0.11405151066818087,0.5193632870442376,-1.1368683772161603e-13,37.34438118927972
594,17.92574347664071,175851.5435058454,0.47556852961249874,-0.05295796454431135,0.47850806928041517,-1.1368683772161603e-13,38.765529441112506
595,17.99999999999999,98099.9999999999,0.42205138286061206,-0.32730359313437374,0.5340926996816439,1.3034304831082295,34.18385681730653
596,17.99999999999999,107909.9999999999,0.34670279172977825,-0.2607167276201814,0.4337926207926984,1.027385910592443,35.487287300414756
597,17.968123210164404,134126.8422307576,0.3735970135849252,-0.1865546793098095,0.4175851732664375,9.094947017729282e-13,36.83562568523809
598,17.95200583827561,155927.7182874133,0.3927926065991545,-0.08449812049025472,0.40177850137276355,-4.547473508864641e-13,37.844311231485236
599,17.950373209833895,176093.16118847052,0.37347380942987646,-0.042111008972075835,0.3758404227949808,1.1368683772161603e-13,38.76552944111239
600,17.99999999999999,117719.9999999999,0.26769081531469324,-0.19952232751501323,0.3338675362787664,0.7817180840760045,36.5146732110072
601,17.979281805985714,141276.9545004157,0.2877094831098074,-0.14017412309951985,0.32003989041685393,3.979039320256561e-13,37.505171402255634
602,17.968703305886518,158933.10921587178,0.305976877986989,-0.06338244887743058,0.3124726943084225,2.8421709430404007e-13,38.137423106593516
603,17.9691084930585,176276.95431690387,0.27961485669728664,-0.03598618129263092,0.2819210409491818,1.1368683772161603e-13,38.76552944111228
604,17.99999999999999,127529.9999999999,0.19512290607395302,-0.14038567862270226,0.24037696902386746,0.626177420818351,37.296391295083204
605,17.985670376828043,155079.52925444423,0.1970747620819002,-0.07509252590069126,0.21089653694592417,-1.8474111129762605e-13,38.22026624321863
606,17.982544046754438,176408.75709866104,0.2004194286526149,-0.03550002321211797,0.20353918303241147,1.1368683772161603e-13,38.765529441112164
607,17.99999999999999,137339.99999999988,0.12184662533055668,-0.11125126660616015,0.16499528607181474,0.3814596536383874,37.922568715901555
608,17.99999999999999,147149.99999999988,0.1031149560616013,-0.05511456959579674,0.11692010068981248,0.3115242396117992,38.30402836953994
609,17.991377318464348,176495.41149413525,0.1395355144652428,-0.03813407815714781,0.14465257589816863,3.410605131648481e-13,38.76552944111182
610,17.99999999999999,156959.99999999988,0.031005546298496178,-0.022498127839978743,0.03830808867030847,0.10207916635472714,38.61555260915174
611,17.996554939300154,176546.20395453452,0.05754737321164397,-0.032911607860594105,0.06629384658872765,5.684341886080802e-14,38.76552944111177
612,17.99999999999999,166769.99999999988,0.013571694305071361,-0.012391546974204665,0.0183777398698596,0.04248827831876412,38.71763177550647
613,17.99924601698304,176572.60342660363,0.025194262300694322,-0.017192172885446073,0.03050117475441322,5.684341886080801e-13,38.7655294411112
614,17.99999999999999,176579.99999999988,0.013571694305103705,-0.012391546974185985,0.01837773986987089,0.005409387285965295,38.76012005382523
# Total Flowrate: 38.771206
