node_id,head,u,v_x,v_y,v_mag,i_x,i_y,i_mag,q,phi
1,6.665242988176391,64.4713,0,0,0,0,0,0,0,0
2,6.665242988176391,64.4713,0,0,0,0,0,0,0,0
3,6.665242988176391,64.4713,0,0,0,0,0,0,0,0
4,6.665242988176391,64.4713,0,0,0,0,0,0,0,0
5,6.665242988176391,64.4713,0,0,0,0,0,0,0,0
6,6.665242988176391,64.4713,0,0,0,0,0,0,0,0
7,6.665242988176391,64.4713,0,0,0,0,0,0,0,0
8,6.665242988176391,64.4713,0,0,0,0,0,0,0,0
9,6.665242988176391,64.4713,0,0,0,0,0,0,0,0
10,6.876273258452174,66.5408,0,0,0,0,0,0,0,0
11,7.998267007591788,77.5438,0,0,0,0,0,0,0,0
12,9.120250559569271,88.5467,0,0,0,0,0,0,0,0
13,10.242234111546756,99.5496,0,0,0,0,0,0,0,0
14,11.364268649334889,110.553,0,0,0,0,0,0,0,0
15,12.198702426414728,118.736,0,0,0,0,0,0,0,0
16,12.834699428449063,124.973,0,0,0,0,0,0,0,0
17,13.470798402104696,131.211,0,0,0,0,0,0,0,0
18,14.020935299006286,136.606,0,0,0,0,0,0,0,0
19,14.353668699300984,139.869,0,0,0,0,0,0,0,0
20,14.686402099595684,143.132,0,0,0,0,0,0,0,0
21,15.019135499890382,146.395,0,0,0,0,0,0,0,0
22,15.241433634319568,148.575,0,0,0,0,0,0,0,0
23,15.346872290741487,149.609,0,0,0,0,0,0,0,0
24,15.452310947163404,150.643,0,0,0,0,0,0,0,0
25,15.557749603585322,151.677,0,0,0,0,0,0,0,0
26,15.663188260007242,152.711,0,0,0,0,0,0,0,0
27,15.680319492385268,152.879,0,0,0,0,0,0,0,0
28,15.565295503561359,151.751,0,0,0,0,0,0,0,0
29,15.450271514737448,150.623,0,0,0,0,0,0,0,0
30,15.335349497534837,149.496,0,0,0,0,0,0,0,0
31,15.210638204687635,148.273,0,0,0,0,0,0,0,0
32,14.969577291939652,145.909,0,0,0,0,0,0,0,0
33,14.72851637919167,143.545,0,0,0,0,0,0,0,0
34,14.48745546644369,141.181,0,0,0,0,0,0,0,0
35,14.246394553695707,138.817,0,0,0,0,0,0,0,0
36,14.005231669326426,136.452,0,0,0,0,0,0,0,0
37,13.759887948483936,134.046,0,0,0,0,0,0,0,0
38,13.407881911763955,130.594,0,0,0,0,0,0,0,0
39,13.055875875043975,127.142,0,0,0,0,0,0,0,0
40,12.703869838323994,123.69,0,0,0,0,0,0,0,0
41,12.346765220539124,120.188,0,0,0,0,0,0,0,0
42,11.714337225250214,113.986,0,0,0,0,0,0,0,0
43,11.081909229961303,107.784,0,0,0,0,0,0,0,0
44,9.774255749924796,94.9603,0,0,0,0,0,0,0,0
45,8.326880754386055,80.7664,0,0,0,0,0,0,0,0
46,6.879505758847314,66.5725,0,0,0,0,0,0,0,0
47,6.8623133434965045,66.4039,0,0,0,0,0,0,0,0
48,6.8623133434965045,66.4039,0,0,0,0,0,0,0,0
49,6.8623133434965045,66.4039,0,0,0,0,0,0,0,0
50,6.8623133434965045,66.4039,0,0,0,0,0,0,0,0
51,6.8623133434965045,66.4039,0,0,0,0,0,0,0,0
52,6.8623133434965045,66.4039,0,0,0,0,0,0,0,0
53,6.8623133434965045,66.4039,0,0,0,0,0,0,0,0
54,6.8623133434965045,66.4039,0,0,0,0,0,0,0,0
55,6.8623133434965045,66.4039,0,0,0,0,0,0,0,0
56,6.8623133434965045,66.4039,0,0,0,0,0,0,0,0
57,6.861151573167188,33.2019,0,0,0,0,0,0,0,0
58,6.86,0.0,0,0,0,0,0,0,0,0
59,6.86,0.0,0,0,0,0,0,0,0,0
60,6.86,0.0,0,0,0,0,0,0,0,0
61,6.86,0.0,0,0,0,0,0,0,0,0
62,6.86,0.0,0,0,0,0,0,0,0,0
63,6.86,0.0,0,0,0,0,0,0,0,0
64,6.86,0.0,0,0,0,0,0,0,0,0
65,6.86,0.0,0,0,0,0,0,0,0,0
66,6.86,0.0,0,0,0,0,0,0,0,0
67,6.86,0.0,0,0,0,0,0,0,0,0
68,6.86,0.0,0,0,0,0,0,0,0,0
69,8.191375000012407,1.21669e-10,0,0,0,0,0,0,0,0
70,9.522750000024802,2.43216e-10,0,0,0,0,0,0,0,0
71,10.854125000037207,3.64884e-10,0,0,0,0,0,0,0,0
72,12.1855,0.0,0,0,0,0,0,0,0,0
73,13.516875,0.0,0,0,0,0,0,0,0,0
74,14.84825,0.0,0,0,0,0,0,0,0,0
75,16.179625,0.0,0,0,0,0,0,0,0,0
76,17.511,0.0,0,0,0,0,0,0,0,0
77,18.842375,0.0,0,0,0,0,0,0,0,0
78,20.17375,0.0,0,0,0,0,0,0,0,0
79,21.505125,0.0,0,0,0,0,0,0,0,0
80,22.8365,0.0,0,0,0,0,0,0,0,0
81,24.167875,0.0,0,0,0,0,0,0,0,0
82,25.49925,0.0,0,0,0,0,0,0,0,0
83,26.830625,0.0,0,0,0,0,0,0,0,0
84,28.162,0.0,0,0,0,0,0,0,0,0
85,28.162,0.0,0,0,0,0,0,0,0,0
86,28.162,0.0,0,0,0,0,0,0,0,0
87,27.08705,0.0,0,0,0,0,0,0,0,0
88,26.0121,0.0,0,0,0,0,0,0,0,0
89,24.93715,0.0,0,0,0,0,0,0,0,0
90,23.8622,0.0,0,0,0,0,0,0,0,0
91,22.78725,0.0,0,0,0,0,0,0,0,0
92,21.7123,0.0,0,0,0,0,0,0,0,0
93,20.63735,0.0,0,0,0,0,0,0,0,0
94,19.5624,0.0,0,0,0,0,0,0,0,0
95,18.48745,0.0,0,0,0,0,0,0,0,0
96,17.4125,0.0,0,0,0,0,0,0,0,0
97,16.33755,0.0,0,0,0,0,0,0,0,0
98,15.2626,0.0,0,0,0,0,0,0,0,0
99,14.18765,0.0,0,0,0,0,0,0,0,0
100,13.1127,0.0,0,0,0,0,0,0,0,0
101,12.03775,0.0,0,0,0,0,0,0,0,0
102,10.962800000011276,1.10586e-10,0,0,0,0,0,0,0,0
103,9.887850000020293,1.99006e-10,0,0,0,0,0,0,0,0
104,8.81290000001353,1.32665e-10,0,0,0,0,0,0,0,0
105,7.737950000006765,6.6341e-11,0,0,0,0,0,0,0,0
106,6.663,0.0,0,0,0,0,0,0,0,0
107,6.663,0.0,0,0,0,0,0,0,0,0
108,6.663,0.0,0,0,0,0,0,0,0,0
109,6.663,0.0,0,0,0,0,0,0,0,0
110,6.663,0.0,0,0,0,0,0,0,0,0
111,6.663,0.0,0,0,0,0,0,0,0,0
112,6.663,0.0,0,0,0,0,0,0,0,0
113,6.663,0.0,0,0,0,0,0,0,0,0
114,6.663,0.0,0,0,0,0,0,0,0,0
115,6.663,0.0,0,0,0,0,0,0,0,0
116,6.663,0.0,0,0,0,0,0,0,0,0
117,6.664126592669261,32.2357,0,0,0,0,0,0,0,0
118,6.665242988176391,64.4713,0,0,0,0,0,0,0,0
119,24.9885714126907,0.0,0,0,0,0,0,0,0,0
120,24.6701711564237,0.0,0,0,0,0,0,0,0,0
121,25.1648643328608,0.0,0,0,0,0,0,0,0,0
122,24.617448696885,0.0,0,0,0,0,0,0,0,0
123,24.5834818000715,0.0,0,0,0,0,0,0,0,0
124,24.2411197631216,0.0,0,0,0,0,0,0,0,0
125,23.7212645952262,0.0,0,0,0,0,0,0,0,0
126,22.1186487862661,0.0,0,0,0,0,0,0,0,0
127,21.7141141579995,0.0,0,0,0,0,0,0,0,0
128,22.3079014445555,0.0,0,0,0,0,0,0,0,0
129,22.4526673358288,0.0,0,0,0,0,0,0,0,0
130,22.5690428159108,0.0,0,0,0,0,0,0,0,0
131,22.7890353423109,0.0,0,0,0,0,0,0,0,0
132,21.6162939451718,0.0,0,0,0,0,0,0,0,0
133,21.8087555803434,0.0,0,0,0,0,0,0,0,0
134,21.5529126002141,0.0,0,0,0,0,0,0,0,0
135,20.8210842310781,0.0,0,0,0,0,0,0,0,0
136,21.3614705525507,0.0,0,0,0,0,0,0,0,0
137,21.704463197977,0.0,0,0,0,0,0,0,0,0
138,22.005758164273,0.0,0,0,0,0,0,0,0,0
139,18.8053198371265,0.0,0,0,0,0,0,0,0,0
140,19.1044238137708,0.0,0,0,0,0,0,0,0,0
141,19.7568256922304,0.0,0,0,0,0,0,0,0,0
142,18.7707339789708,0.0,0,0,0,0,0,0,0,0
143,19.37594209371,0.0,0,0,0,0,0,0,0,0
144,19.8086531770098,0.0,0,0,0,0,0,0,0,0
145,20.3571171545931,0.0,0,0,0,0,0,0,0,0
146,19.9593836220635,0.0,0,0,0,0,0,0,0,0
147,18.8749124728471,0.0,0,0,0,0,0,0,0,0
148,19.5679890511475,0.0,0,0,0,0,0,0,0,0
149,18.7665678495604,0.0,0,0,0,0,0,0,0,0
150,18.8523698411399,0.0,0,0,0,0,0,0,0,0
151,18.5760406581937,0.0,0,0,0,0,0,0,0,0
152,18.3760079828908,0.0,0,0,0,0,0,0,0,0
153,19.6631908336762,0.0,0,0,0,0,0,0,0,0
154,19.9563312468576,0.0,0,0,0,0,0,0,0,0
155,18.6417641177078,0.0,0,0,0,0,0,0,0,0
156,18.2681779386377,0.0,0,0,0,0,0,0,0,0
157,16.0574777877953,0.0,0,0,0,0,0,0,0,0
158,16.4702814382699,0.0,0,0,0,0,0,0,0,0
159,16.7777234642949,0.0,0,0,0,0,0,0,0,0
160,17.0207879997644,0.0,0,0,0,0,0,0,0,0
161,17.0357561043442,0.0,0,0,0,0,0,0,0,0
162,16.7214370746862,0.0,0,0,0,0,0,0,0,0
163,16.2857691859269,0.0,0,0,0,0,0,0,0,0
164,17.3630291460653,0.0,0,0,0,0,0,0,0,0
165,16.9825226056274,0.0,0,0,0,0,0,0,0,0
166,16.4999959389266,0.0,0,0,0,0,0,0,0,0
167,15.8152978168212,0.0,0,0,0,0,0,0,0,0
168,16.8052564082008,0.0,0,0,0,0,0,0,0,0
169,17.0057550291005,0.0,0,0,0,0,0,0,0,0
170,16.3425741631069,0.0,0,0,0,0,0,0,0,0
171,15.693939463084298,0.35591,0,0,0,0,0,0,0,0
172,15.7987656431768,0.0,0,0,0,0,0,0,0,0
173,15.8243025765274,0.0,0,0,0,0,0,0,0,0
174,16.9699152688497,0.0,0,0,0,0,0,0,0,0
175,16.5874442701576,0.0,0,0,0,0,0,0,0,0
176,16.3494205828657,0.0,0,0,0,0,0,0,0,0
177,16.1467080525082,0.0,0,0,0,0,0,0,0,0
178,16.6010925893106,0.0,0,0,0,0,0,0,0,0
179,16.7559410033794,0.0,0,0,0,0,0,0,0,0
180,13.1390652249304,0.0,0,0,0,0,0,0,0,0
181,13.2248531577316,0.0,0,0,0,0,0,0,0,0
182,13.7877549965805,0.0,0,0,0,0,0,0,0,0
183,13.6780713605489,0.0,0,0,0,0,0,0,0,0
184,13.843580294608998,5.01482,0,0,0,0,0,0,0,0
185,14.1028795815026,0.0,0,0,0,0,0,0,0,0
186,15.1697342997781,0.0,0,0,0,0,0,0,0,0
187,14.4476845770783,0.0,0,0,0,0,0,0,0,0
188,14.541654492796791,4.95795,0,0,0,0,0,0,0,0
189,14.711428742069089,13.0943,0,0,0,0,0,0,0,0
190,14.904329733153643,5.38117,0,0,0,0,0,0,0,0
191,15.092010562995169,13.8152,0,0,0,0,0,0,0,0
192,15.246446589425238,14.0646,0,0,0,0,0,0,0,0
193,15.349009715139793,17.8671,0,0,0,0,0,0,0,0
194,15.456259333194401,20.8363,0,0,0,0,0,0,0,0
195,15.572843559347286,13.1769,0,0,0,0,0,0,0,0
196,15.683235407851758,19.5826,0,0,0,0,0,0,0,0
197,15.695087447124305,22.0076,0,0,0,0,0,0,0,0
198,15.626682938871282,22.6892,0,0,0,0,0,0,0,0
199,15.538897049580918,25.9436,0,0,0,0,0,0,0,0
200,15.459060655277966,17.0604,0,0,0,0,0,0,0,0
201,15.357200583968577,9.55613,0,0,0,0,0,0,0,0
202,15.261891624387669,11.7621,0,0,0,0,0,0,0,0
203,15.204528929512406,11.3418,0,0,0,0,0,0,0,0
204,15.061125466135325,9.1457,0,0,0,0,0,0,0,0
205,14.743596775480242,2.18921,0,0,0,0,0,0,0,0
206,14.406834029435807,5.94271,0,0,0,0,0,0,0,0
207,14.080517249556578,12.6725,0,0,0,0,0,0,0,0
208,13.701582955157418,9.2434,0,0,0,0,0,0,0,0
209,11.922445237258854,9.7123,0,0,0,0,0,0,0,0
210,12.443334271218534,12.0182,0,0,0,0,0,0,0,0
211,12.813490634873553,25.4615,0,0,0,0,0,0,0,0
212,13.040639545408713,22.7427,0,0,0,0,0,0,0,0
213,13.23453329264349,21.8101,0,0,0,0,0,0,0,0
214,13.504123676011602,22.1587,0,0,0,0,0,0,0,0
215,13.765415367411139,25.354,0,0,0,0,0,0,0,0
216,13.954608231090631,26.6579,0,0,0,0,0,0,0,0
217,14.201027374083079,25.1278,0,0,0,0,0,0,0,0
218,14.42193942624673,22.8566,0,0,0,0,0,0,0,0
219,14.596474472961866,32.3378,0,0,0,0,0,0,0,0
220,14.820955222415023,38.4053,0,0,0,0,0,0,0,0
221,15.000476234969296,30.5202,0,0,0,0,0,0,0,0
222,15.162445475427278,37.2342,0,0,0,0,0,0,0,0
223,15.29172781108788,44.093,0,0,0,0,0,0,0,0
224,15.395154497121727,44.2839,0,0,0,0,0,0,0,0
225,15.46138314067527,44.7226,0,0,0,0,0,0,0,0
226,15.52861375942636,43.286,0,0,0,0,0,0,0,0
227,15.63189733654707,42.7286,0,0,0,0,0,0,0,0
228,15.703409588819142,44.9569,0,0,0,0,0,0,0,0
229,15.635925357184469,45.7787,0,0,0,0,0,0,0,0
230,15.575636592634343,47.3757,0,0,0,0,0,0,0,0
231,15.486921410882193,45.5689,0,0,0,0,0,0,0,0
232,15.396264410173742,39.2939,0,0,0,0,0,0,0,0
233,15.304247248432826,36.415,0,0,0,0,0,0,0,0
234,15.205536417678724,32.9092,0,0,0,0,0,0,0,0
235,14.930474827218976,32.6901,0,0,0,0,0,0,0,0
236,14.632328067135512,32.3346,0,0,0,0,0,0,0,0
237,14.34382702580682,38.7149,0,0,0,0,0,0,0,0
238,14.09025185109145,39.5844,0,0,0,0,0,0,0,0
239,13.901661499061133,29.57,0,0,0,0,0,0,0,0
240,13.449477633168925,27.354,0,0,0,0,0,0,0,0
241,12.86937568077263,22.5903,0,0,0,0,0,0,0,0
242,12.321267532008203,21.8088,0,0,0,0,0,0,0,0
243,9.534358990831572,30.1008,0,0,0,0,0,0,0,0
244,10.82562349894884,29.5175,0,0,0,0,0,0,0,0
245,11.46986477131679,20.8185,0,0,0,0,0,0,0,0
246,12.04802315160626,35.9186,0,0,0,0,0,0,0,0
247,12.53465108715124,49.611,0,0,0,0,0,0,0,0
248,12.832341085177875,54.2622,0,0,0,0,0,0,0,0
249,13.091359615336467,45.7115,0,0,0,0,0,0,0,0
250,13.40494286867818,46.6112,0,0,0,0,0,0,0,0
251,13.643063507735977,43.9542,0,0,0,0,0,0,0,0
252,13.85602346867056,53.1807,0,0,0,0,0,0,0,0
253,14.056017047669354,52.1558,0,0,0,0,0,0,0,0
254,14.222424997486119,58.1249,0,0,0,0,0,0,0,0
255,14.420697180569553,52.7814,0,0,0,0,0,0,0,0
256,14.663417594397817,61.9091,0,0,0,0,0,0,0,0
257,14.848680501346873,67.8049,0,0,0,0,0,0,0,0
258,15.023003080515002,57.8195,0,0,0,0,0,0,0,0
259,15.22456494507136,62.256,0,0,0,0,0,0,0,0
260,15.283650907320743,65.1003,0,0,0,0,0,0,0,0
261,15.347034842719863,67.7462,0,0,0,0,0,0,0,0
262,15.465190569536386,70.6898,0,0,0,0,0,0,0,0
263,15.583498258057165,67.8858,0,0,0,0,0,0,0,0
264,15.678942257972027,67.4409,0,0,0,0,0,0,0,0
265,15.705479295464315,68.3255,0,0,0,0,0,0,0,0
266,15.638513127817687,68.302,0,0,0,0,0,0,0,0
267,15.527609020687642,76.2198,0,0,0,0,0,0,0,0
268,15.424674506576268,67.6891,0,0,0,0,0,0,0,0
269,15.34595183886088,59.5921,0,0,0,0,0,0,0,0
270,15.258966658541462,65.4672,0,0,0,0,0,0,0,0
271,15.095512465609138,60.4765,0,0,0,0,0,0,0,0
272,14.803045051841774,58.7972,0,0,0,0,0,0,0,0
273,14.566022560847642,55.8307,0,0,0,0,0,0,0,0
274,14.421675594995861,64.1911,0,0,0,0,0,0,0,0
275,14.208632573284309,60.6899,0,0,0,0,0,0,0,0
276,13.889517229290831,56.1852,0,0,0,0,0,0,0,0
277,13.172749920664227,56.7305,0,0,0,0,0,0,0,0
278,12.558955161155135,45.3188,0,0,0,0,0,0,0,0
279,12.201593118235072,39.2166,0,0,0,0,0,0,0,0
280,11.789567038303389,30.1158,0,0,0,0,0,0,0,0
281,10.684864320564012,26.7255,0,0,0,0,0,0,0,0
282,9.752948850734011,27.6954,0,0,0,0,0,0,0,0
283,6.860665160424898,19.2155,0,0,0,0,0,0,0,0
284,6.860735407899438,21.1865,0,0,0,0,0,0,0,0
285,6.860783557057848,22.4864,0,0,0,0,0,0,0,0
286,6.860895147180706,25.8038,0,0,0,0,0,0,0,0
287,6.860764601817278,21.9519,0,0,0,0,0,0,0,0
288,6.8607640791129345,21.9808,0,0,0,0,0,0,0,0
289,6.860768979034992,22.227,0,0,0,0,0,0,0,0
290,6.86079945374348,22.8214,0,0,0,0,0,0,0,0
291,6.860903912596212,25.9096,0,0,0,0,0,0,0,0
292,6.860763677142446,21.9215,0,0,0,0,0,0,0,0
293,6.860759140512357,21.7573,0,0,0,0,0,0,0,0
294,6.860749220359127,21.3775,0,0,0,0,0,0,0,0
295,7.2338087292945605,22.9702,0,0,0,0,0,0,0,0
296,8.462060888590731,36.7248,0,0,0,0,0,0,0,0
297,9.508378955193821,56.556,0,0,0,0,0,0,0,0
298,10.698519577848334,57.8865,0,0,0,0,0,0,0,0
299,11.52321643135943,55.1111,0,0,0,0,0,0,0,0
300,12.184718100359945,66.2729,0,0,0,0,0,0,0,0
301,12.49130684288342,75.9703,0,0,0,0,0,0,0,0
302,12.720468606304905,75.4472,0,0,0,0,0,0,0,0
303,13.004920832502712,75.1805,0,0,0,0,0,0,0,0
304,13.312111649145953,73.9802,0,0,0,0,0,0,0,0
305,13.64799733497047,72.0833,0,0,0,0,0,0,0,0
306,13.867655258885282,79.4499,0,0,0,0,0,0,0,0
307,13.979801774223692,71.788,0,0,0,0,0,0,0,0
308,14.124141521274176,78.0114,0,0,0,0,0,0,0,0
309,14.311779700898178,82.5049,0,0,0,0,0,0,0,0
310,14.529020098368978,86.5777,0,0,0,0,0,0,0,0
311,14.76554159103027,93.5351,0,0,0,0,0,0,0,0
312,14.971102329043017,87.3753,0,0,0,0,0,0,0,0
313,15.133128374453076,81.2016,0,0,0,0,0,0,0,0
314,15.27038049789154,86.391,0,0,0,0,0,0,0,0
315,15.375943767851496,96.0795,0,0,0,0,0,0,0,0
316,15.4721604844951,106.494,0,0,0,0,0,0,0,0
317,15.557263879108008,95.2854,0,0,0,0,0,0,0,0
318,15.638474510893843,88.148,0,0,0,0,0,0,0,0
319,15.7163472276687,91.9504,0,0,0,0,0,0,0,0
320,15.605765546459025,103.713,0,0,0,0,0,0,0,0
321,15.516561876315764,104.666,0,0,0,0,0,0,0,0
322,15.445887878340884,96.4119,0,0,0,0,0,0,0,0
323,15.345785042864794,89.1524,0,0,0,0,0,0,0,0
324,15.257206015651143,94.5858,0,0,0,0,0,0,0,0
325,15.196231725816265,84.6362,0,0,0,0,0,0,0,0
326,14.964782182792018,86.361,0,0,0,0,0,0,0,0
327,14.629050664895018,85.2188,0,0,0,0,0,0,0,0
328,14.360499443696115,80.6579,0,0,0,0,0,0,0,0
329,14.129181358120892,84.7995,0,0,0,0,0,0,0,0
330,13.675939023449892,88.8328,0,0,0,0,0,0,0,0
331,13.100256927326502,84.8596,0,0,0,0,0,0,0,0
332,12.66471786680582,72.1151,0,0,0,0,0,0,0,0
333,12.123375217504524,59.5401,0,0,0,0,0,0,0,0
334,11.287447250305469,54.6725,0,0,0,0,0,0,0,0
335,10.428236290132261,47.9019,0,0,0,0,0,0,0,0
336,9.753973178137805,54.7516,0,0,0,0,0,0,0,0
337,8.949657877255135,36.8144,0,0,0,0,0,0,0,0
338,8.09561111882184,24.9919,0,0,0,0,0,0,0,0
339,7.2780094476415575,19.37,0,0,0,0,0,0,0,0
340,6.861452705812263,41.69,0,0,0,0,0,0,0,0
341,6.861526027677813,43.7286,0,0,0,0,0,0,0,0
342,6.86153501180339,44.2012,0,0,0,0,0,0,0,0
343,6.861408393497321,40.3815,0,0,0,0,0,0,0,0
344,6.861515109716503,43.547,0,0,0,0,0,0,0,0
345,6.861539062427131,44.1606,0,0,0,0,0,0,0,0
346,6.861544283923709,44.4014,0,0,0,0,0,0,0,0
347,6.861543425973339,44.3924,0,0,0,0,0,0,0,0
348,6.861408411321857,40.4153,0,0,0,0,0,0,0,0
349,6.8615177101125,43.45,0,0,0,0,0,0,0,0
350,6.861526712383757,43.7992,0,0,0,0,0,0,0,0
351,6.861509298598768,43.4049,0,0,0,0,0,0,0,0
352,7.650301803100963,50.8738,0,0,0,0,0,0,0,0
353,8.655018283844653,59.8808,0,0,0,0,0,0,0,0
354,9.327712598401623,74.4919,0,0,0,0,0,0,0,0
355,10.374449045102164,80.309,0,0,0,0,0,0,0,0
356,11.297821854074972,84.7141,0,0,0,0,0,0,0,0
357,11.904277791090152,88.4161,0,0,0,0,0,0,0,0
358,12.358502577098001,90.2413,0,0,0,0,0,0,0,0
359,12.58385805467636,97.6137,0,0,0,0,0,0,0,0
360,12.877675021510663,100.113,0,0,0,0,0,0,0,0
361,13.197592725456904,101.617,0,0,0,0,0,0,0,0
362,13.527994887908319,102.702,0,0,0,0,0,0,0,0
363,13.820847434625243,103.674,0,0,0,0,0,0,0,0
364,13.996209643439814,96.1215,0,0,0,0,0,0,0,0
365,14.17979476217374,107.346,0,0,0,0,0,0,0,0
366,14.395394926400384,112.165,0,0,0,0,0,0,0,0
367,14.617897574523926,116.558,0,0,0,0,0,0,0,0
368,14.801780961955274,122.345,0,0,0,0,0,0,0,0
369,14.92746010360724,112.18,0,0,0,0,0,0,0,0
370,15.129146835014172,111.745,0,0,0,0,0,0,0,0
371,15.297675321212822,119.687,0,0,0,0,0,0,0,0
372,15.403119079340524,125.557,0,0,0,0,0,0,0,0
373,15.487055329535629,130.982,0,0,0,0,0,0,0,0
374,15.544269159368021,120.521,0,0,0,0,0,0,0,0
375,15.63959549787636,118.137,0,0,0,0,0,0,0,0
376,15.694752982797848,125.669,0,0,0,0,0,0,0,0
377,15.611302112177269,132.175,0,0,0,0,0,0,0,0
378,15.535368509969068,127.132,0,0,0,0,0,0,0,0
379,15.468520600633926,119.942,0,0,0,0,0,0,0,0
380,15.39245678472986,120.874,0,0,0,0,0,0,0,0
381,15.295507819567172,119.501,0,0,0,0,0,0,0,0
382,15.189564738418216,114.229,0,0,0,0,0,0,0,0
383,14.856060697340471,114.699,0,0,0,0,0,0,0,0
384,14.646357688010132,112.872,0,0,0,0,0,0,0,0
385,14.413768900082388,108.465,0,0,0,0,0,0,0,0
386,14.091209146648549,112.729,0,0,0,0,0,0,0,0
387,13.751071795671669,115.832,0,0,0,0,0,0,0,0
388,13.260046862743586,107.483,0,0,0,0,0,0,0,0
389,12.727302529520983,99.2076,0,0,0,0,0,0,0,0
390,12.30524094661105,87.0975,0,0,0,0,0,0,0,0
391,11.804961844440426,85.8312,0,0,0,0,0,0,0,0
392,10.661804381970255,75.6784,0,0,0,0,0,0,0,0
393,9.751546834024907,76.4933,0,0,0,0,0,0,0,0
394,8.979457579452188,63.9431,0,0,0,0,0,0,0,0
395,8.30301986944741,49.5104,0,0,0,0,0,0,0,0
396,7.492096908591481,44.2594,0,0,0,0,0,0,0,0
397,6.6640509376341175,30.1754,0,0,0,0,0,0,0,0
398,6.664139362897983,32.8007,0,0,0,0,0,0,0,0
399,6.66430876713659,37.6863,0,0,0,0,0,0,0,0
400,6.6639285475358445,26.6883,0,0,0,0,0,0,0,0
401,6.664090956973931,31.2839,0,0,0,0,0,0,0,0
402,6.664121016388201,32.0724,0,0,0,0,0,0,0,0
403,6.664118572756193,32.2076,0,0,0,0,0,0,0,0
404,6.664124837988581,32.2308,0,0,0,0,0,0,0,0
405,6.6641240844642535,32.2344,0,0,0,0,0,0,0,0
406,6.664118314524191,32.2354,0,0,0,0,0,0,0,0
407,6.66412022065138,32.2356,0,0,0,0,0,0,0,0
408,6.6641272301933006,32.2357,0,0,0,0,0,0,0,0
409,27.4963125,0.0,0,0,0,0,0,0,0,0
410,26.5752857063454,0.0,0,0,0,0,0,0,0,0
411,25.9095982063454,0.0,0,0,0,0,0,0,0,0
412,25.2439107063454,0.0,0,0,0,0,0,0,0,0
413,26.1649375,0.0,0,0,0,0,0,0,0,0
414,26.4160855782118,0.0,0,0,0,0,0,0,0,0
415,24.8293712845572,0.0,0,0,0,0,0,0,0,0
416,26.6634321664304,0.0,0,0,0,0,0,0,0,0
417,26.6634321664304,0.0,0,0,0,0,0,0,0,0
418,28.162,0.0,0,0,0,0,0,0,0,0
419,24.9175177446422,0.0,0,0,0,0,0,0,0,0
420,26.3897243484425,0.0,0,0,0,0,0,0,0,0
421,24.8911565148729,0.0,0,0,0,0,0,0,0,0
422,26.3897243484425,0.0,0,0,0,0,0,0,0,0
423,28.162,0.0,0,0,0,0,0,0,0,0
424,25.8352659000358,0.0,0,0,0,0,0,0,0,0
425,26.3727409000358,0.0,0,0,0,0,0,0,0,0
426,27.624525,0.0,0,0,0,0,0,0,0,0
427,24.6004652484782,0.0,0,0,0,0,0,0,0,0
428,25.6640848815608,0.0,0,0,0,0,0,0,0,0
429,24.4123007815965,0.0,0,0,0,0,0,0,0,0
430,25.474625,0.0,0,0,0,0,0,0,0,0
431,24.3292072976131,0.0,0,0,0,0,0,0,0,0
432,24.8666822976131,0.0,0,0,0,0,0,0,0,0
433,25.4041572976131,0.0,0,0,0,0,0,0,0,0
434,23.9811921791739,0.0,0,0,0,0,0,0,0,0
435,26.549575,0.0,0,0,0,0,0,0,0,0
436,23.5021875,0.0,0,0,0,0,0,0,0,0
437,23.1432618931331,0.0,0,0,0,0,0,0,0,0
438,22.477574393133,0.0,0,0,0,0,0,0,0,0
439,23.6066820789997,0.0,0,0,0,0,0,0,0,0
440,22.9409945789997,0.0,0,0,0,0,0,0,0,0
441,24.8335625,0.0,0,0,0,0,0,0,0,0
442,21.9163814721328,0.0,0,0,0,0,0,0,0,0
443,23.9035757222778,0.0,0,0,0,0,0,0,0,0
444,22.0110078012775,0.0,0,0,0,0,0,0,0,0
445,23.6482364286231,0.0,0,0,0,0,0,0,0,0
446,23.7206193742598,0.0,0,0,0,0,0,0,0,0
447,22.3802843901921,0.0,0,0,0,0,0,0,0,0
448,23.5614192461262,0.0,0,0,0,0,0,0,0,0
449,23.8669535743858,0.0,0,0,0,0,0,0,0,0
450,23.6196069861672,0.0,0,0,0,0,0,0,0,0
451,22.5108550758698,0.0,0,0,0,0,0,0,0,0
452,23.7032420195979,0.0,0,0,0,0,0,0,0,0
453,23.9769498375858,0.0,0,0,0,0,0,0,0,0
454,22.6790390791108,0.0,0,0,0,0,0,0,0,0
455,23.1168713210284,0.0,0,0,0,0,0,0,0,0
456,22.2026646437413,0.0,0,0,0,0,0,0,0,0
457,23.1961186902074,0.0,0,0,0,0,0,0,0,0
458,23.2131021386142,0.0,0,0,0,0,0,0,0,0
459,21.7125247627576,0.0,0,0,0,0,0,0,0,0
460,22.6370885977202,0.0,0,0,0,0,0,0,0,0
461,22.8970161816678,0.0,0,0,0,0,0,0,0,0
462,23.0681972001428,0.0,0,0,0,0,0,0,0,0
463,21.6808340902787,0.0,0,0,0,0,0,0,0,0
464,22.2711744131521,0.0,0,0,0,0,0,0,0,0
465,21.1869984156461,0.0,0,0,0,0,0,0,0,0
466,22.5413675738885,0.0,0,0,0,0,0,0,0,0
467,21.0912773918144,0.0,0,0,0,0,0,0,0,0
468,23.1493102762754,0.0,0,0,0,0,0,0,0,0
469,22.7833315989885,0.0,0,0,0,0,0,0,0,0
470,23.3208065989885,0.0,0,0,0,0,0,0,0,0
471,24.399675,0.0,0,0,0,0,0,0,0,0
472,21.5329668752639,0.0,0,0,0,0,0,0,0,0
473,22.9339790821365,0.0,0,0,0,0,0,0,0,0
474,21.855110681125,0.0,0,0,0,0,0,0,0,0
475,22.3965040821365,0.0,0,0,0,0,0,0,0,0
476,23.324725,0.0,0,0,0,0,0,0,0,0
477,20.8394375,0.0,0,0,0,0,0,0,0,0
478,20.1552224185633,0.0,0,0,0,0,0,0,0,0
479,19.4895349185633,0.0,0,0,0,0,0,0,0,0
480,20.9704619068854,0.0,0,0,0,0,0,0,0,0
481,20.3047744068854,0.0,0,0,0,0,0,0,0,0
482,22.1708125,0.0,0,0,0,0,0,0,0,0
483,18.9548718254487,0.0,0,0,0,0,0,0,0,0
484,20.7354699251149,0.0,0,0,0,0,0,0,0,0
485,20.9377372392482,0.0,0,0,0,0,0,0,0,0
486,21.2966628461152,0.0,0,0,0,0,0,0,0,0
487,19.4306247530006,0.0,0,0,0,0,0,0,0,0
488,20.2424240684851,0.0,0,0,0,0,0,0,0,0
489,19.2637798356006,0.0,0,0,0,0,0,0,0,0
490,20.5450281258547,0.0,0,0,0,0,0,0,0,0
491,19.0733380363404,0.0,0,0,0,0,0,0,0,0
492,20.8419217691328,0.0,0,0,0,0,0,0,0,0
493,21.1306602564193,0.0,0,0,0,0,0,0,0,0
494,21.0582773107826,0.0,0,0,0,0,0,0,0,0
495,19.5922976353599,0.0,0,0,0,0,0,0,0,0
496,21.4630799852519,0.0,0,0,0,0,0,0,0,0
497,21.4048922452109,0.0,0,0,0,0,0,0,0,0
498,20.0828851658014,0.0,0,0,0,0,0,0,0,0
499,20.7878387836176,0.0,0,0,0,0,0,0,0,0
500,21.3742094821872,0.0,0,0,0,0,0,0,0,0
501,21.2642132189871,0.0,0,0,0,0,0,0,0,0
502,20.1582503883283,0.0,0,0,0,0,0,0,0,0
503,20.3418340265953,0.0,0,0,0,0,0,0,0,0
504,20.2456032090095,0.0,0,0,0,0,0,0,0,0
505,19.4171480474553,0.0,0,0,0,0,0,0,0,0
506,20.5604508256808,0.0,0,0,0,0,0,0,0,0
507,20.6883723157454,0.0,0,0,0,0,0,0,0,0
508,19.2214507619973,0.0,0,0,0,0,0,0,0,0
509,20.1597402248872,0.0,0,0,0,0,0,0,0,0
510,19.1672784503539,0.0,0,0,0,0,0,0,0,0
511,20.202641220677,0.0,0,0,0,0,0,0,0,0
512,18.8094688453501,0.0,0,0,0,0,0,0,0,0
513,19.836727036109,0.0,0,0,0,0,0,0,0,0
514,19.6985624446359,0.0,0,0,0,0,0,0,0,0
515,18.7142052496668,0.0,0,0,0,0,0,0,0,0
516,19.9687556053722,0.0,0,0,0,0,0,0,0,0
517,20.0402355904339,0.0,0,0,0,0,0,0,0,0
518,19.8687392677208,0.0,0,0,0,0,0,0,0,0
519,18.4760243205423,0.0,0,0,0,0,0,0,0,0
520,21.2252204168381,0.0,0,0,0,0,0,0,0,0
521,20.8344744989746,0.0,0,0,0,0,0,0,0,0
522,20.6838270158266,0.0,0,0,0,0,0,0,0,0
523,19.0195994082835,0.0,0,0,0,0,0,0,0,0
524,20.8343156234288,0.0,0,0,0,0,0,0,0,0
525,21.3717906234288,0.0,0,0,0,0,0,0,0,0
526,22.249775,0.0,0,0,0,0,0,0,0,0
527,19.8097610402669,0.0,0,0,0,0,0,0,0,0
528,20.1770320588539,0.0,0,0,0,0,0,0,0,0
529,19.2990476822827,0.0,0,0,0,0,0,0,0,0
530,19.6395570588539,0.0,0,0,0,0,0,0,0,0
531,21.174825,0.0,0,0,0,0,0,0,0,0
532,20.099875,0.0,0,0,0,0,0,0,0,0
533,18.9152889693189,0.0,0,0,0,0,0,0,0,0
534,19.4527639693189,0.0,0,0,0,0,0,0,0,0
535,18.4549710281727,0.0,0,0,0,0,0,0,0,0
536,18.1766875,0.0,0,0,0,0,0,0,0,0
537,17.4499263938976,0.0,0,0,0,0,0,0,0,0
538,16.7842388938976,0.0,0,0,0,0,0,0,0,0
539,17.6378006376982,0.0,0,0,0,0,0,0,0,0
540,18.3220157191349,0.0,0,0,0,0,0,0,0,0
541,17.6563282191349,0.0,0,0,0,0,0,0,0,0
542,19.5080625,0.0,0,0,0,0,0,0,0,0
543,16.2638796130326,0.0,0,0,0,0,0,0,0,0
544,17.9410736390329,0.0,0,0,0,0,0,0,0,0
545,17.7915216507107,0.0,0,0,0,0,0,0,0,0
546,16.6240024512824,0.0,0,0,0,0,0,0,0,0
547,18.0626059067676,0.0,0,0,0,0,0,0,0,0
548,16.8992557320297,0.0,0,0,0,0,0,0,0,0
549,18.0700899590575,0.0,0,0,0,0,0,0,0,0
550,17.0282720520543,0.0,0,0,0,0,0,0,0,0
551,18.3962908982873,0.0,0,0,0,0,0,0,0,0
552,18.2391313834583,0.0,0,0,0,0,0,0,0,0
553,16.8785965895152,0.0,0,0,0,0,0,0,0,0
554,17.7460855268285,0.0,0,0,0,0,0,0,0,0
555,17.8308556398185,0.0,0,0,0,0,0,0,0,0
556,17.5282515824488,0.0,0,0,0,0,0,0,0,0
557,16.5036031303066,0.0,0,0,0,0,0,0,0,0
558,18.5858411615375,0.0,0,0,0,0,0,0,0,0
559,18.3694856198877,0.0,0,0,0,0,0,0,0,0
560,16.8243991659961,0.0,0,0,0,0,0,0,0,0
561,18.4709531138454,0.0,0,0,0,0,0,0,0,0
562,18.6698198801102,0.0,0,0,0,0,0,0,0,0
563,18.3955878913186,0.0,0,0,0,0,0,0,0,0
564,17.1727758758463,0.0,0,0,0,0,0,0,0,0
565,17.6874542058869,0.0,0,0,0,0,0,0,0,0
566,18.229689780495,0.0,0,0,0,0,0,0,0,0
567,16.741259272277,0.0,0,0,0,0,0,0,0,0
568,17.3451051448341,0.0,0,0,0,0,0,0,0,0
569,16.1576468778739,0.0,0,0,0,0,0,0,0,0
570,17.7859121288806,0.0,0,0,0,0,0,0,0,0
571,18.1866227296741,0.0,0,0,0,0,0,0,0,0
572,17.8400844405239,0.0,0,0,0,0,0,0,0,0
573,16.310277112511,0.0,0,0,0,0,0,0,0,0
574,17.9290624351202,0.0,0,0,0,0,0,0,0,0
575,17.8861614393304,0.0,0,0,0,0,0,0,0,0
576,16.9055057186506,0.0,0,0,0,0,0,0,0,0
577,17.4593074106503,0.0,0,0,0,0,0,0,0,0
578,17.5974720021234,0.0,0,0,0,0,0,0,0,0
579,16.6741645961037,0.0,0,0,0,0,0,0,0,0
580,17.0168273631195,0.0,0,0,0,0,0,0,0,0
581,17.1168437007709,0.0,0,0,0,0,0,0,0,0
582,16.0001104532275,0.0,0,0,0,0,0,0,0,0
583,17.0873868130338,0.0,0,0,0,0,0,0,0,0
584,15.7282061932625,0.0,0,0,0,0,0,0,0,0
585,17.1001552797091,0.0,0,0,0,0,0,0,0,0
586,15.8115341098521,0.0,0,0,0,0,0,0,0,0
587,17.7437467051018,0.0,0,0,0,0,0,0,0,0
588,17.8058396932788,0.0,0,0,0,0,0,0,0,0
589,18.4631232578537,0.0,0,0,0,0,0,0,0,0
590,18.316553051263,0.0,0,0,0,0,0,0,0,0
591,16.3971089226886,0.0,0,0,0,0,0,0,0,0
592,17.6146041939327,0.0,0,0,0,0,0,0,0,0
593,16.7786797695037,0.0,0,0,0,0,0,0,0,0
594,17.4955923502867,0.0,0,0,0,0,0,0,0,0
595,16.4684324265117,0.0,0,0,0,0,0,0,0,0
596,17.3087992607517,0.0,0,0,0,0,0,0,0,0
597,17.8545540262541,0.0,0,0,0,0,0,0,0,0
598,17.2074429955729,0.0,0,0,0,0,0,0,0,0
599,16.2480643176869,0.0,0,0,0,0,0,0,0,0
600,18.0817462946553,0.0,0,0,0,0,0,0,0,0
601,16.3739003209094,0.0,0,0,0,0,0,0,0,0
602,17.5442712946553,0.0,0,0,0,0,0,0,0,0
603,19.024925,0.0,0,0,0,0,0,0,0,0
604,17.6216955016897,0.0,0,0,0,0,0,0,0,0
605,16.678516796345,0.0,0,0,0,0,0,0,0,0
606,17.0842205016897,0.0,0,0,0,0,0,0,0,0
607,17.949975,0.0,0,0,0,0,0,0,0,0
608,15.5139375,0.0,0,0,0,0,0,0,0,0
609,14.6593451124652,0.0,0,0,0,0,0,0,0,0
610,13.9936576124652,0.0,0,0,0,0,0,0,0,0
611,14.7022390788658,0.0,0,0,0,0,0,0,0,0
612,13.181959191331,0.0,0,0,0,0,0,0,0,0
613,16.8453125,0.0,0,0,0,0,0,0,0,0
614,15.3679265788658,0.0,0,0,0,0,0,0,0,0
615,14.9226163921879,0.0,0,0,0,0,0,0,0,0
616,15.6493774982902,0.0,0,0,0,0,0,0,0,0
617,13.5063040771561,0.0,0,0,0,0,0,0,0,0
618,14.8677745741721,0.0,0,0,0,0,0,0,0,0
619,13.7329131785647,0.0,0,0,0,0,0,0,0,0
620,15.0741763994094,0.0,0,0,0,0,0,0,0,0
621,14.9012462034811,0.0,0,0,0,0,0,0,0,0
622,13.757210933603991,2.47196,0,0,0,0,0,0,0,0
623,15.4403015228988,0.0,0,0,0,0,0,0,0,0
624,15.2865805098863,0.0,0,0,0,0,0,0,0,0
625,13.925042228695313,2.03485,0,0,0,0,0,0,0,0
626,16.1027452020611,0.0,0,0,0,0,0,0,0,0
627,16.0952611497712,0.0,0,0,0,0,0,0,0,0
628,15.9737288820365,0.0,0,0,0,0,0,0,0,0
629,14.6363069406403,0.0,0,0,0,0,0,0,0,0
630,15.7417203407112,0.0,0,0,0,0,0,0,0,0
631,14.8087094384282,0.0,0,0,0,0,0,0,0,0
632,15.5845608258823,0.0,0,0,0,0,0,0,0,0
633,15.3787606838348,0.0,0,0,0,0,0,0,0,0
634,14.446256978152048,2.00421,0,0,0,0,0,0,0,0
635,15.1609267394551,0.0,0,0,0,0,0,0,0,0
636,14.8309754636181,0.0,0,0,0,0,0,0,0,0
637,14.626541107574834,9.02612,0,0,0,0,0,0,0,0
638,15.669062854701,0.0,0,0,0,0,0,0,0,0
639,15.8593161249199,0.0,0,0,0,0,0,0,0,0
640,15.3206861448507,0.0,0,0,0,0,0,0,0,0
641,14.807878727753259,9.23773,0,0,0,0,0,0,0,0
642,15.3328874130347,0.0,0,0,0,0,0,0,0,0
643,14.998169638216348,9.59818,0,0,0,0,0,0,0,0
644,15.3973895650738,0.0,0,0,0,0,0,0,0,0
645,15.181281621847603,14.0581,0,0,0,0,0,0,0,0
646,15.276203934098929,1.17756,0,0,0,0,0,0,0,0
647,15.327482437807518,3.07878,0,0,0,0,0,0,0,0
648,15.297733250863631,15.9659,0,0,0,0,0,0,0,0
649,15.373634037021068,6.88867,0,0,0,0,0,0,0,0
650,15.47208339980285,3.95876,0,0,0,0,0,0,0,0
651,15.427260885480797,8.37329,0,0,0,0,0,0,0,0
652,15.402634524167096,19.3517,0,0,0,0,0,0,0,0
653,15.610843213936684,3.18686,0,0,0,0,0,0,0,0
654,15.6174643658845,0.0,0,0,0,0,0,0,0,0
655,15.530375206964429,0.129057,0,0,0,0,0,0,0,0
656,15.514551446270843,17.0066,0,0,0,0,0,0,0,0
657,15.66603913818892,6.38971,0,0,0,0,0,0,0,0
658,15.628044582180587,16.3798,0,0,0,0,0,0,0,0
659,15.716899346263254,10.2469,0,0,0,0,0,0,0,0
660,15.694518043827259,11.1818,0,0,0,0,0,0,0,0
661,15.717060863075107,21.0687,0,0,0,0,0,0,0,0
662,15.586835825923455,9.98484,0,0,0,0,0,0,0,0
663,15.625752695219152,10.4917,0,0,0,0,0,0,0,0
664,15.660315789700748,11.5226,0,0,0,0,0,0,0,0
665,15.660885192997792,22.3484,0,0,0,0,0,0,0,0
666,15.54293880241337,11.612,0,0,0,0,0,0,0,0
667,15.582789994226049,24.3164,0,0,0,0,0,0,0,0
668,15.443886788370472,0.973184,0,0,0,0,0,0,0,0
669,15.503022644694319,7.17042,0,0,0,0,0,0,0,0
670,15.498978852429442,21.502,0,0,0,0,0,0,0,0
671,15.3660835487009,0.0,0,0,0,0,0,0,0,0
672,15.4850953923469,0.0,0,0,0,0,0,0,0,0
673,15.6763308916929,0.0,0,0,0,0,0,0,0,0
674,15.408134188630015,13.3083,0,0,0,0,0,0,0,0
675,15.233350023781306,1.26261,0,0,0,0,0,0,0,0
676,15.278631584550345,0.712705,0,0,0,0,0,0,0,0
677,15.309544574603803,10.6591,0,0,0,0,0,0,0,0
678,15.204663577762611,1.05241,0,0,0,0,0,0,0,0
679,15.233205178368973,11.5519,0,0,0,0,0,0,0,0
680,15.154660999199754,0.167156,0,0,0,0,0,0,0,0
681,15.153450958231343,10.446,0,0,0,0,0,0,0,0
682,15.3648080992714,0.0,0,0,0,0,0,0,0,0
683,15.9664297412095,0.0,0,0,0,0,0,0,0,0
684,15.6381502428992,0.0,0,0,0,0,0,0,0,0
685,15.5607260358648,0.0,0,0,0,0,0,0,0,0
686,14.902360610949676,5.66745,0,0,0,0,0,0,0,0
687,15.0691981279166,0.0,0,0,0,0,0,0,0,0
688,15.6066731279166,0.0,0,0,0,0,0,0,0,0
689,16.875025,0.0,0,0,0,0,0,0,0,0
690,14.575215402458074,4.06596,0,0,0,0,0,0,0,0
691,14.5629159393301,0.0,0,0,0,0,0,0,0,0
692,14.243678188786676,9.30763,0,0,0,0,0,0,0,0
693,14.0254409393301,0.0,0,0,0,0,0,0,0,0
694,15.800075,0.0,0,0,0,0,0,0,0,0
695,14.0108092354267,0.0,0,0,0,0,0,0,0,0
696,13.943703149014166,11.4743,0,0,0,0,0,0,0,0
697,13.4733342354267,0.0,0,0,0,0,0,0,0,0
698,14.725125,0.0,0,0,0,0,0,0,0,0
699,12.8511875,0.0,0,0,0,0,0,0,0,0
700,12.2244706298642,0.0,0,0,0,0,0,0,0,0
701,11.711594742392434,1.49857,0,0,0,0,0,0,0,0
702,12.3673469660687,0.0,0,0,0,0,0,0,0,0
703,12.218319794058562,11.2127,0,0,0,0,0,0,0,0
704,14.1825625,0.0,0,0,0,0,0,0,0,0
705,13.0330344660687,0.0,0,0,0,0,0,0,0,0
706,12.58721163796551,4.00866,0,0,0,0,0,0,0,0
707,12.772288800076806,10.7303,0,0,0,0,0,0,0,0
708,12.628417551627109,18.7399,0,0,0,0,0,0,0,0
709,12.919713875469773,11.7554,0,0,0,0,0,0,0,0
710,13.033288330737355,10.396,0,0,0,0,0,0,0,0
711,12.927065090141133,24.1021,0,0,0,0,0,0,0,0
712,13.130232145206154,9.92967,0,0,0,0,0,0,0,0
713,13.137586419026151,22.2764,0,0,0,0,0,0,0,0
714,13.289478234234853,8.73125,0,0,0,0,0,0,0,0
715,13.570361589089394,10.876,0,0,0,0,0,0,0,0
716,13.42427036677022,8.90552,0,0,0,0,0,0,0,0
717,13.369328484327497,21.9844,0,0,0,0,0,0,0,0
718,13.805200415480861,15.1913,0,0,0,0,0,0,0,0
719,13.701002336208049,12.4736,0,0,0,0,0,0,0,0
720,13.634764423130356,23.7563,0,0,0,0,0,0,0,0
721,13.980557216652343,12.8564,0,0,0,0,0,0,0,0
722,13.899088144552536,15.8363,0,0,0,0,0,0,0,0
723,13.860710304856726,26.0128,0,0,0,0,0,0,0,0
724,14.275939849788449,12.0891,0,0,0,0,0,0,0,0
725,14.189330707681508,7.69931,0,0,0,0,0,0,0,0
726,14.103761689567502,12.0913,0,0,0,0,0,0,0,0
727,14.07781270400579,25.8928,0,0,0,0,0,0,0,0
728,14.386406073032404,10.9536,0,0,0,0,0,0,0,0
729,14.311483400164905,23.9922,0,0,0,0,0,0,0,0
730,14.481799508812294,13.9073,0,0,0,0,0,0,0,0
731,14.653946508934363,22.716,0,0,0,0,0,0,0,0
732,14.569067032169912,18.6479,0,0,0,0,0,0,0,0
733,14.509206949604348,27.5972,0,0,0,0,0,0,0,0
734,14.862638908777537,21.8932,0,0,0,0,0,0,0,0
735,14.766191982242006,25.7498,0,0,0,0,0,0,0,0
736,14.708719946269508,35.3716,0,0,0,0,0,0,0,0
737,14.95240451363579,17.9507,0,0,0,0,0,0,0,0
738,14.910720827273275,34.4628,0,0,0,0,0,0,0,0
739,15.046243398982282,22.1677,0,0,0,0,0,0,0,0
740,15.127228019211273,25.5247,0,0,0,0,0,0,0,0
741,15.081460855198289,33.8772,0,0,0,0,0,0,0,0
742,15.216499078063707,25.7676,0,0,0,0,0,0,0,0
743,15.269087200256557,29.0788,0,0,0,0,0,0,0,0
744,15.243534665772863,40.8249,0,0,0,0,0,0,0,0
745,15.32037386169485,30.9801,0,0,0,0,0,0,0,0
746,15.425706915158065,32.5601,0,0,0,0,0,0,0,0
747,15.372082106130762,31.0755,0,0,0,0,0,0,0,0
748,15.343446252685919,44.1885,0,0,0,0,0,0,0,0
749,15.4588263355159,32.7795,0,0,0,0,0,0,0,0
750,15.428273917479563,44.5033,0,0,0,0,0,0,0,0
751,15.550733757967839,28.2315,0,0,0,0,0,0,0,0
752,15.492441644891397,32.0612,0,0,0,0,0,0,0,0
753,15.494998450050765,44.0043,0,0,0,0,0,0,0,0
754,15.602375546528243,27.9528,0,0,0,0,0,0,0,0
755,15.580255547986667,43.0073,0,0,0,0,0,0,0,0
756,15.657566372199414,31.1556,0,0,0,0,0,0,0,0
757,15.665051362426276,33.8231,0,0,0,0,0,0,0,0
758,15.69925361655279,33.4823,0,0,0,0,0,0,0,0
759,15.713354823339401,32.4662,0,0,0,0,0,0,0,0
760,15.687685787687059,44.0392,0,0,0,0,0,0,0,0
761,15.631309246608941,34.234,0,0,0,0,0,0,0,0
762,15.669667473001805,45.3678,0,0,0,0,0,0,0,0
763,15.557271919688695,36.6597,0,0,0,0,0,0,0,0
764,15.601164864333827,35.0325,0,0,0,0,0,0,0,0
765,15.605780974909356,46.5772,0,0,0,0,0,0,0,0
766,15.472996131661093,31.3147,0,0,0,0,0,0,0,0
767,15.51291432881267,35.7563,0,0,0,0,0,0,0,0
768,15.531279001758218,46.4723,0,0,0,0,0,0,0,0
769,15.427657434144738,28.1771,0,0,0,0,0,0,0,0
770,15.441592910527966,42.4314,0,0,0,0,0,0,0,0
771,15.37673096749679,24.425,0,0,0,0,0,0,0,0
772,15.330727485207447,22.9856,0,0,0,0,0,0,0,0
773,15.3502609278843,37.8545,0,0,0,0,0,0,0,0
774,15.28307453499131,24.0886,0,0,0,0,0,0,0,0
775,15.154230025692057,21.2324,0,0,0,0,0,0,0,0
776,15.205032673595616,22.1255,0,0,0,0,0,0,0,0
777,15.23371911961431,22.3357,0,0,0,0,0,0,0,0
778,15.254891833055826,34.6621,0,0,0,0,0,0,0,0
779,14.837040390072618,17.4397,0,0,0,0,0,0,0,0
780,14.9958001466771,20.9179,0,0,0,0,0,0,0,0
781,15.088904706233834,33.0046,0,0,0,0,0,0,0,0
782,14.519585637008667,19.1387,0,0,0,0,0,0,0,0
783,14.68796191144977,17.2619,0,0,0,0,0,0,0,0
784,14.78140654575836,32.5124,0,0,0,0,0,0,0,0
785,14.2121721376817,25.6937,0,0,0,0,0,0,0,0
786,14.375330017763256,22.3288,0,0,0,0,0,0,0,0
787,14.48808264505223,35.5248,0,0,0,0,0,0,0,0
788,14.08538964890508,26.1285,0,0,0,0,0,0,0,0
789,14.217044537030201,39.1497,0,0,0,0,0,0,0,0
790,13.996193053954862,21.1713,0,0,0,0,0,0,0,0
791,14.001055256141232,34.6272,0,0,0,0,0,0,0,0
792,13.801622227109275,19.4067,0,0,0,0,0,0,0,0
793,13.305310055106332,8.6437,0,0,0,0,0,0,0,0
794,13.575530294163222,18.2987,0,0,0,0,0,0,0,0
795,13.67556956611508,28.462,0,0,0,0,0,0,0,0
796,13.015258059191972,6.26184,0,0,0,0,0,0,0,0
797,13.159431755551843,24.9722,0,0,0,0,0,0,0,0
798,12.71064545358761,8.54544,0,0,0,0,0,0,0,0
799,13.650175,0.0,0,0,0,0,0,0,0,0
800,12.436591379205398,8.15469,0,0,0,0,0,0,0,0
801,12.595326704971482,22.1996,0,0,0,0,0,0,0,0
802,12.13197979331725,10.4383,0,0,0,0,0,0,0,0
803,12.575225,0.0,0,0,0,0,0,0,0,0
804,8.857062500018603,1.82433e-10,0,0,0,0,0,0,0,0
805,9.528554495415781,15.0504,0,0,0,0,0,0,0,0
806,8.862866995415782,15.0504,0,0,0,0,0,0,0,0
807,10.174191848055484,14.7588,0,0,0,0,0,0,0,0
808,10.179996343471267,29.8092,0,0,0,0,0,0,0,0
809,10.839879348055485,14.7588,0,0,0,0,0,0,0,0
810,10.188437500030998,3.03998e-10,0,0,0,0,0,0,0,0
811,11.696155004287826,15.2654,0,0,0,0,0,0,0,0
812,11.48530552913752,7.05168,0,0,0,0,0,0,0,0
813,11.1945595229198,10.7286,0,0,0,0,0,0,0,0
814,11.5198125,0.0,0,0,0,0,0,0,0,0
815,11.188624558111105,25.5689,0,0,0,0,0,0,0,0
816,11.985229095851512,22.8154,0,0,0,0,0,0,0,0
817,11.758949060042585,28.3686,0,0,0,0,0,0,0,0
818,12.28111384981336,24.3159,0,0,0,0,0,0,0,0
819,12.674075959593491,37.5363,0,0,0,0,0,0,0,0
820,12.488992679184866,30.8146,0,0,0,0,0,0,0,0
821,12.359474556729936,43.433,0,0,0,0,0,0,0,0
822,12.822920958606808,39.8619,0,0,0,0,0,0,0,0
823,12.683496086164556,51.9366,0,0,0,0,0,0,0,0
824,13.162946453989965,33.7608,0,0,0,0,0,0,0,0
825,13.065999580372605,34.2271,0,0,0,0,0,0,0,0
826,12.952425125105034,35.5865,0,0,0,0,0,0,0,0
827,12.96184525167611,49.9868,0,0,0,0,0,0,0,0
828,13.454528173763807,34.3849,0,0,0,0,0,0,0,0
829,13.319732982079762,34.2106,0,0,0,0,0,0,0,0
830,13.248146143426254,46.1613,0,0,0,0,0,0,0,0
831,13.704239437573541,34.6541,0,0,0,0,0,0,0,0
832,13.57358849329266,33.0564,0,0,0,0,0,0,0,0
833,13.524003188207072,45.2827,0,0,0,0,0,0,0,0
834,13.90531584988057,39.9193,0,0,0,0,0,0,0,0
835,13.811428120808884,39.2743,0,0,0,0,0,0,0,0
836,13.769147532397769,48.7597,0,0,0,0,0,0,0,0
837,14.128522210876252,38.6418,0,0,0,0,0,0,0,0
838,14.005307540798903,39.4068,0,0,0,0,0,0,0,0
839,13.956025356751024,52.6683,0,0,0,0,0,0,0,0
840,14.211721087203514,41.6263,0,0,0,0,0,0,0,0
841,14.139215923996677,55.1403,0,0,0,0,0,0,0,0
842,14.508585826765746,42.5596,0,0,0,0,0,0,0,0
843,14.421318303408128,37.819,0,0,0,0,0,0,0,0
844,14.3108622773263,38.9546,0,0,0,0,0,0,0,0
845,14.321566187608894,55.4532,0,0,0,0,0,0,0,0
846,14.742186408406436,50.1572,0,0,0,0,0,0,0,0
847,14.62995113226092,47.1235,0,0,0,0,0,0,0,0
848,14.54206248606475,57.3453,0,0,0,0,0,0,0,0
849,14.834817861880957,53.1051,0,0,0,0,0,0,0,0
850,14.75604904787234,64.857,0,0,0,0,0,0,0,0
851,15.092719179390041,47.5268,0,0,0,0,0,0,0,0
852,15.011734559161049,44.1698,0,0,0,0,0,0,0,0
853,14.921979151465028,48.1124,0,0,0,0,0,0,0,0
854,14.935841790930933,62.8122,0,0,0,0,0,0,0,0
855,15.258564461726937,53.1786,0,0,0,0,0,0,0,0
856,15.193505210249334,49.7451,0,0,0,0,0,0,0,0
857,15.123778914212117,60.0377,0,0,0,0,0,0,0,0
858,15.287684260623246,54.5966,0,0,0,0,0,0,0,0
859,15.254520911262311,63.6822,0,0,0,0,0,0,0,0
860,15.371089571339745,56.015,0,0,0,0,0,0,0,0
861,15.319381326903866,55.9196,0,0,0,0,0,0,0,0
862,15.315337776439243,66.4232,0,0,0,0,0,0,0,0
863,15.496902164481359,56.9879,0,0,0,0,0,0,0,0
864,15.463286855105823,57.7062,0,0,0,0,0,0,0,0
865,15.430177631910137,57.4869,0,0,0,0,0,0,0,0
866,15.406112706128123,69.218,0,0,0,0,0,0,0,0
867,15.60769779730212,55.3072,0,0,0,0,0,0,0,0
868,15.556056008741741,55.5859,0,0,0,0,0,0,0,0
869,15.524344413796769,69.2878,0,0,0,0,0,0,0,0
870,15.711203149818456,56.3953,0,0,0,0,0,0,0,0
871,15.65542489584066,55.0848,0,0,0,0,0,0,0,0
872,15.631225356595666,67.6634,0,0,0,0,0,0,0,0
873,15.704444442141712,56.6412,0,0,0,0,0,0,0,0
874,15.710932766388446,68.0668,0,0,0,0,0,0,0,0
875,15.607079958807049,57.8389,0,0,0,0,0,0,0,0
876,15.637214143920023,57.0403,0,0,0,0,0,0,0,0
877,15.67096645689946,56.6295,0,0,0,0,0,0,0,0
878,15.672001310222061,68.3138,0,0,0,0,0,0,0,0
879,15.507270314365995,60.8944,0,0,0,0,0,0,0,0
880,15.551627905242032,61.7978,0,0,0,0,0,0,0,0
881,15.583061074252658,72.2609,0,0,0,0,0,0,0,0
882,15.410469458374987,53.4915,0,0,0,0,0,0,0,0
883,15.455797958729239,56.629,0,0,0,0,0,0,0,0
884,15.476136665050884,71.9544,0,0,0,0,0,0,0,0
885,15.325094445065798,48.0035,0,0,0,0,0,0,0,0
886,15.37110812451727,49.443,0,0,0,0,0,0,0,0
887,15.385313172718574,63.6406,0,0,0,0,0,0,0,0
888,15.232251538110093,49.1882,0,0,0,0,0,0,0,0
889,15.281606953487195,50.9411,0,0,0,0,0,0,0,0
890,15.302454150120106,62.5296,0,0,0,0,0,0,0,0
891,15.012993646414074,46.5833,0,0,0,0,0,0,0,0
892,15.171423525428928,46.8978,0,0,0,0,0,0,0,0
893,15.208539751232664,63.2788,0,0,0,0,0,0,0,0
894,14.717686559488598,45.5659,0,0,0,0,0,0,0,0
895,14.866754840949316,45.7436,0,0,0,0,0,0,0,0
896,14.94928385730652,59.6369,0,0,0,0,0,0,0,0
897,14.599180412572611,44.0827,0,0,0,0,0,0,0,0
898,14.684528707763636,57.3139,0,0,0,0,0,0,0,0
899,14.454924793327232,47.2728,0,0,0,0,0,0,0,0
900,14.382751310401346,51.453,0,0,0,0,0,0,0,0
901,14.493849077921755,60.0109,0,0,0,0,0,0,0,0
902,14.276229799545568,49.7024,0,0,0,0,0,0,0,0
903,14.315154084140083,62.4405,0,0,0,0,0,0,0,0
904,14.149447310768949,50.1372,0,0,0,0,0,0,0,0
905,13.669497431229896,41.7696,0,0,0,0,0,0,0,0
906,13.895589364176013,42.8776,0,0,0,0,0,0,0,0
907,13.998103452867744,47.9654,0,0,0,0,0,0,0,0
908,14.05728871538311,58.5181,0,0,0,0,0,0,0,0
909,13.311118875497666,42.0423,0,0,0,0,0,0,0,0
910,13.531138673558598,56.4579,0,0,0,0,0,0,0,0
911,13.021062800718454,39.6604,0,0,0,0,0,0,0,0
912,12.714170519544966,33.9546,0,0,0,0,0,0,0,0
913,12.86585763949075,51.0247,0,0,0,0,0,0,0,0
914,12.44011134658168,33.5638,0,0,0,0,0,0,0,0
915,12.261430325121644,30.5127,0,0,0,0,0,0,0,0
916,12.380274139695109,42.2677,0,0,0,0,0,0,0,0
917,11.376183519151695,15.0579,0,0,0,0,0,0,0,0
918,11.872584350092984,14.6551,0,0,0,0,0,0,0,0
919,11.500275,0.0,0,0,0,0,0,0,0,0
920,12.061872088783948,26.0256,0,0,0,0,0,0,0,0
921,12.002034881897385,34.7295,0,0,0,0,0,0,0,0
922,10.823837258863065,13.3628,0,0,0,0,0,0,0,0
923,11.237210580852642,28.4206,0,0,0,0,0,0,0,0
924,10.286362258863065,13.3628,0,0,0,0,0,0,0,0
925,10.425325000023678,2.32185e-10,0,0,0,0,0,0,0,0
926,9.820399425367006,13.8477,0,0,0,0,0,0,0,0
927,10.218901487067953,27.2104,0,0,0,0,0,0,0,0
928,9.282924425367007,13.8477,0,0,0,0,0,0,0,0
929,9.35037500001691,1.65844e-10,0,0,0,0,0,0,0,0
930,6.86,0.0,0,0,0,0,0,0,0,0
931,6.860334619644875,9.60777,0,0,0,0,0,0,0,0
932,6.860334619644875,9.60777,0,0,0,0,0,0,0,0
933,6.860580885164659,16.601,0,0,0,0,0,0,0,0
934,6.860908366796043,26.2087,0,0,0,0,0,0,0,0
935,6.86,0.0,0,0,0,0,0,0,0,0
936,6.860372802530779,10.5933,0,0,0,0,0,0,0,0
937,6.860372802530779,10.5933,0,0,0,0,0,0,0,0
938,6.860700284162164,20.201,0,0,0,0,0,0,0,0
939,6.86,0.0,0,0,0,0,0,0,0,0
940,6.860391778528925,11.2432,0,0,0,0,0,0,0,0
941,6.860391778528925,11.2432,0,0,0,0,0,0,0,0
942,6.860764581059714,21.8365,0,0,0,0,0,0,0,0
943,6.860447573590353,12.9019,0,0,0,0,0,0,0,0
944,6.860839352119277,24.1451,0,0,0,0,0,0,0,0
945,6.860377202327575,10.9759,0,0,0,0,0,0,0,0
946,6.860834973080057,23.8779,0,0,0,0,0,0,0,0
947,6.860377202327575,10.9759,0,0,0,0,0,0,0,0
948,6.86,0.0,0,0,0,0,0,0,0,0
949,6.860382039556472,10.9904,0,0,0,0,0,0,0,0
950,6.860769439046177,21.9664,0,0,0,0,0,0,0,0
951,6.860382039556472,10.9904,0,0,0,0,0,0,0,0
952,6.86,0.0,0,0,0,0,0,0,0,0
953,6.86,0.0,0,0,0,0,0,0,0,0
954,6.860384489517491,11.1135,0,0,0,0,0,0,0,0
955,6.860384489517491,11.1135,0,0,0,0,0,0,0,0
956,6.860766529073963,22.1039,0,0,0,0,0,0,0,0
957,6.86,0.0,0,0,0,0,0,0,0,0
958,6.860399726871744,11.4107,0,0,0,0,0,0,0,0
959,6.860399726871744,11.4107,0,0,0,0,0,0,0,0
960,6.860784216389235,22.5242,0,0,0,0,0,0,0,0
961,6.860451956298107,12.9548,0,0,0,0,0,0,0,0
962,6.860851683169852,24.3655,0,0,0,0,0,0,0,0
963,6.860376739990158,10.9607,0,0,0,0,0,0,0,0
964,6.860828696288265,23.9155,0,0,0,0,0,0,0,0
965,6.860376739990158,10.9607,0,0,0,0,0,0,0,0
966,6.86,0.0,0,0,0,0,0,0,0,0
967,6.860374471675109,10.8786,0,0,0,0,0,0,0,0
968,6.860761408827397,21.8394,0,0,0,0,0,0,0,0
969,6.860374471675109,10.8786,0,0,0,0,0,0,0,0
970,6.86,0.0,0,0,0,0,0,0,0,0
971,6.86,0.0,0,0,0,0,0,0,0,0
972,6.860369511598498,10.6887,0,0,0,0,0,0,0,0
973,6.860369511598498,10.6887,0,0,0,0,0,0,0,0
974,6.8607541804357375,21.5674,0,0,0,0,0,0,0,0
975,7.525687500006197,6.07734e-11,0,0,0,0,0,0,0,0
976,7.71259186464728,11.4851,0,0,0,0,0,0,0,0
977,7.046904364647281,11.4851,0,0,0,0,0,0,0,0
978,6.860706597919338,20.3442,0,0,0,0,0,0,0,0
979,8.32671794429536,18.3624,0,0,0,0,0,0,0,0
980,7.847934808942641,29.8475,0,0,0,0,0,0,0,0
981,8.998209939711153,33.4128,0,0,0,0,0,0,0,0
982,9.521368973012697,43.3284,0,0,0,0,0,0,0,0
983,8.985219921892277,46.6404,0,0,0,0,0,0,0,0
984,10.762071538398592,43.702,0,0,0,0,0,0,0,0
985,10.116444382921017,43.9937,0,0,0,0,0,0,0,0
986,10.103454365102142,57.2213,0,0,0,0,0,0,0,0
987,11.785614692901781,45.5148,0,0,0,0,0,0,0,0
988,11.496540601338115,37.9648,0,0,0,0,0,0,0,0
989,11.21530038813242,42.7152,0,0,0,0,0,0,0,0
990,11.187815790035192,57.2534,0,0,0,0,0,0,0,0
991,12.397745501404998,58.3152,0,0,0,0,0,0,0,0
992,12.116365527402033,51.0957,0,0,0,0,0,0,0,0
993,11.853967265859692,60.692,0,0,0,0,0,0,0,0
994,12.512984063598392,62.7907,0,0,0,0,0,0,0,0
995,12.376068280690019,71.4948,0,0,0,0,0,0,0,0
996,12.627559846728078,62.5291,0,0,0,0,0,0,0,0
997,12.605882626013099,75.7087,0,0,0,0,0,0,0,0
998,12.776404845741393,64.8547,0,0,0,0,0,0,0,0
999,13.048140223919585,60.446,0,0,0,0,0,0,0,0
1000,12.91862586025923,64.7213,0,0,0,0,0,0,0,0
1001,12.862689620822739,75.3138,0,0,0,0,0,0,0,0
1002,13.358527258912066,60.2957,0,0,0,0,0,0,0,0
1003,13.20173053366014,59.8458,0,0,0,0,0,0,0,0
1004,13.158511142243267,74.5803,0,0,0,0,0,0,0,0
1005,13.771476784326268,62.8229,0,0,0,0,0,0,0,0
1006,13.645535519934283,58.0188,0,0,0,0,0,0,0,0
1007,13.52646500324326,59.3472,0,0,0,0,0,0,0,0
1008,13.480049393477147,73.0317,0,0,0,0,0,0,0,0
1009,13.86183936377792,66.3153,0,0,0,0,0,0,0,0
1010,13.777292679433629,75.9575,0,0,0,0,0,0,0,0
1011,14.017909410946526,61.9719,0,0,0,0,0,0,0,0
1012,13.917917720028196,62.4844,0,0,0,0,0,0,0,0
1013,13.923723417973417,75.6189,0,0,0,0,0,0,0,0
1014,14.173288357961212,68.0682,0,0,0,0,0,0,0,0
1015,14.09007928447176,65.0836,0,0,0,0,0,0,0,0
1016,14.051971647748934,74.8997,0,0,0,0,0,0,0,0
1017,14.3662333421528,67.6431,0,0,0,0,0,0,0,0
1018,14.267102349192143,70.3149,0,0,0,0,0,0,0,0
1019,14.217955512505107,80.2581,0,0,0,0,0,0,0,0
1020,14.596218846383401,74.2434,0,0,0,0,0,0,0,0
1021,14.474863738050335,69.6796,0,0,0,0,0,0,0,0
1022,14.420399899633574,84.5413,0,0,0,0,0,0,0,0
1023,14.807111046188567,80.67,0,0,0,0,0,0,0,0
1024,14.714479592714044,77.7221,0,0,0,0,0,0,0,0
1025,14.647280844699619,90.0564,0,0,0,0,0,0,0,0
1026,14.997052704779005,72.5974,0,0,0,0,0,0,0,0
1027,14.909891415194945,77.5901,0,0,0,0,0,0,0,0
1028,14.86832196003664,90.4552,0,0,0,0,0,0,0,0
1029,15.178846659762224,71.7288,0,0,0,0,0,0,0,0
1030,15.078060628902978,69.5105,0,0,0,0,0,0,0,0
1031,15.05212045032911,84.2885,0,0,0,0,0,0,0,0
1032,15.308707670305708,77.0686,0,0,0,0,0,0,0,0
1033,15.277010604025076,75.7456,0,0,0,0,0,0,0,0
1034,15.247890805128776,74.3276,0,0,0,0,0,0,0,0
1035,15.225544415421083,84.0296,0,0,0,0,0,0,0,0
1036,15.420562070112876,83.3846,0,0,0,0,0,0,0,0
1037,15.361484206704617,81.9128,0,0,0,0,0,0,0,0
1038,15.32315703429046,91.2352,0,0,0,0,0,0,0,0
1039,15.468685724177872,88.592,0,0,0,0,0,0,0,0
1040,15.424077619078624,101.287,0,0,0,0,0,0,0,0
1041,15.570381068582588,81.5856,0,0,0,0,0,0,0,0
1042,15.511227224322202,82.9876,0,0,0,0,0,0,0,0
1043,15.51474277328795,100.89,0,0,0,0,0,0,0,0
1044,15.658713483013994,77.7945,0,0,0,0,0,0,0,0
1045,15.610986384475504,78.0169,0,0,0,0,0,0,0,0
1046,15.597869195000927,91.7167,0,0,0,0,0,0,0,0
1047,15.677430177743187,80.1262,0,0,0,0,0,0,0,0
1048,15.710918360147573,80.138,0,0,0,0,0,0,0,0
1049,15.7058585569159,79.7762,0,0,0,0,0,0,0,0
1050,15.685619584795738,90.1297,0,0,0,0,0,0,0,0
1051,15.566666889249069,89.9662,0,0,0,0,0,0,0,0
1052,15.622118942814097,86.0073,0,0,0,0,0,0,0,0
1053,15.661035992739599,97.8315,0,0,0,0,0,0,0,0
1054,15.522075251339567,90.4428,0,0,0,0,0,0,0,0
1055,15.561112725576747,104.189,0,0,0,0,0,0,0,0
1056,15.435281192458572,82.0505,0,0,0,0,0,0,0,0
1057,15.486743350933196,86.3158,0,0,0,0,0,0,0,0
1058,15.481229975909383,100.539,0,0,0,0,0,0,0,0
1059,15.302375850703124,77.3098,0,0,0,0,0,0,0,0
1060,15.345863342281778,74.3722,0,0,0,0,0,0,0,0
1061,15.385224676139462,78.4207,0,0,0,0,0,0,0,0
1062,15.395831362021774,92.7821,0,0,0,0,0,0,0,0
1063,15.258086337096309,80.0265,0,0,0,0,0,0,0,0
1064,15.30149552925797,91.8691,0,0,0,0,0,0,0,0
1065,15.154799711157322,72.6439,0,0,0,0,0,0,0,0
1066,15.227599192178868,75.0517,0,0,0,0,0,0,0,0
1067,15.226718870733702,89.611,0,0,0,0,0,0,0,0
1068,14.883913617316896,72.5791,0,0,0,0,0,0,0,0
1069,15.030152422781644,73.4188,0,0,0,0,0,0,0,0
1070,15.089439668329828,85.5862,0,0,0,0,0,0,0,0
1071,14.525368228526503,74.705,0,0,0,0,0,0,0,0
1072,14.5975417114524,70.5248,0,0,0,0,0,0,0,0
1073,14.716047858368395,72.008,0,0,0,0,0,0,0,0
1074,14.796916423843518,85.7899,0,0,0,0,0,0,0,0
1075,14.284566008490211,70.6739,0,0,0,0,0,0,0,0
1076,14.391087519345987,72.4245,0,0,0,0,0,0,0,0
1077,14.494780152876633,82.9384,0,0,0,0,0,0,0,0
1078,14.017563107801404,70.5729,0,0,0,0,0,0,0,0
1079,14.1689069657026,72.7447,0,0,0,0,0,0,0,0
1080,14.244840400908505,82.7287,0,0,0,0,0,0,0,0
1081,13.424349570638128,72.7817,0,0,0,0,0,0,0,0
1082,13.78272812637036,72.509,0,0,0,0,0,0,0,0
1083,13.961994350258816,87.399,0,0,0,0,0,0,0,0
1084,13.136498325414305,70.795,0,0,0,0,0,0,0,0
1085,13.388097975388195,86.8462,0,0,0,0,0,0,0,0
1086,12.611841612561541,58.717,0,0,0,0,0,0,0,0
1087,12.918733893735027,64.4228,0,0,0,0,0,0,0,0
1088,12.882492495647224,78.4874,0,0,0,0,0,0,0,0
1089,11.962931030113168,44.8913,0,0,0,0,0,0,0,0
1090,12.162489266450862,49.3784,0,0,0,0,0,0,0,0
1091,12.341170287910899,52.4295,0,0,0,0,0,0,0,0
1092,12.394046542155168,65.8276,0,0,0,0,0,0,0,0
1093,11.53850204572337,42.3941,0,0,0,0,0,0,0,0
1094,11.82083291205197,58.2382,0,0,0,0,0,0,0,0
1095,10.98615578543474,40.699,0,0,0,0,0,0,0,0
1096,10.556550305348132,37.3137,0,0,0,0,0,0,0,0
1097,10.857841770218862,51.2872,0,0,0,0,0,0,0,0
1098,10.090587471852071,37.7986,0,0,0,0,0,0,0,0
1099,9.753461014435914,41.2235,0,0,0,0,0,0,0,0
1100,10.091099635553963,51.3267,0,0,0,0,0,0,0,0
1101,8.881278938627563,18.4072,0,0,0,0,0,0,0,0
1102,9.351303363994578,32.2549,0,0,0,0,0,0,0,0
1103,9.35181552769647,45.783,0,0,0,0,0,0,0,0
1104,8.454250460829849,12.4959,0,0,0,0,0,0,0,0
1105,8.522629399457422,30.9031,0,0,0,0,0,0,0,0
1106,7.91677546082985,12.4959,0,0,0,0,0,0,0,0
1107,8.275425000010147,9.95028e-11,0,0,0,0,0,0,0,0
1108,7.507980743536997,9.68501,0,0,0,0,0,0,0,0
1109,7.686815381812763,22.181,0,0,0,0,0,0,0,0
1110,6.970505743536997,9.68501,0,0,0,0,0,0,0,0
1111,7.200475000003381,3.31618e-11,0,0,0,0,0,0,0,0
1112,6.861064031699645,30.4528,0,0,0,0,0,0,0,0
1113,6.86130723807079,37.446,0,0,0,0,0,0,0,0
1114,6.861099155436911,31.4383,0,0,0,0,0,0,0,0
1115,6.861877926073319,54.0469,0,0,0,0,0,0,0,0
1116,6.861732458331846,49.8029,0,0,0,0,0,0,0,0
1117,6.8623133434965045,66.4039,0,0,0,0,0,0,0,0
1118,6.861877926073319,54.0469,0,0,0,0,0,0,0,0
1119,6.8623133434965045,66.4039,0,0,0,0,0,0,0,0
1120,6.86191458700609,55.0662,0,0,0,0,0,0,0,0
1121,6.86191458700609,55.0662,0,0,0,0,0,0,0,0
1122,6.861489366745033,42.7093,0,0,0,0,0,0,0,0
1123,6.861125619207561,32.4575,0,0,0,0,0,0,0,0
1124,6.861154792367836,33.1075,0,0,0,0,0,0,0,0
1125,6.8623133434965045,66.4039,0,0,0,0,0,0,0,0
1126,6.861929276231008,55.3026,0,0,0,0,0,0,0,0
1127,6.861929276231008,55.3026,0,0,0,0,0,0,0,0
1128,6.861530519740602,43.9649,0,0,0,0,0,0,0,0
1129,6.861159284430625,33.3438,0,0,0,0,0,0,0,0
1130,6.861215079492043,35.0025,0,0,0,0,0,0,0,0
1131,6.861476801231416,42.2914,0,0,0,0,0,0,0,0
1132,6.861860868496914,53.3927,0,0,0,0,0,0,0,0
1133,6.861156868920078,33.0927,0,0,0,0,0,0,0,0
1134,6.8610864976573005,31.1667,0,0,0,0,0,0,0,0
1135,6.861144954347957,32.7495,0,0,0,0,0,0,0,0
1136,6.861456653025848,41.9642,0,0,0,0,0,0,0,0
1137,6.861139594414724,32.7639,0,0,0,0,0,0,0,0
1138,6.8623133434965045,66.4039,0,0,0,0,0,0,0,0
1139,6.86191932518757,54.9755,0,0,0,0,0,0,0,0
1140,6.86191932518757,54.9755,0,0,0,0,0,0,0,0
1141,6.861151570770037,33.0707,0,0,0,0,0,0,0,0
1142,6.861527086071817,43.8538,0,0,0,0,0,0,0,0
1143,6.861154020731066,33.1938,0,0,0,0,0,0,0,0
1144,6.8623133434965045,66.4039,0,0,0,0,0,0,0,0
1145,6.8619211043807535,55.2822,0,0,0,0,0,0,0,0
1146,6.8619211043807535,55.2822,0,0,0,0,0,0,0,0
1147,6.8623133434965045,66.4039,0,0,0,0,0,0,0,0
1148,6.861933912291177,55.4027,0,0,0,0,0,0,0,0
1149,6.861933912291177,55.4027,0,0,0,0,0,0,0,0
1150,6.861541673175424,44.281,0,0,0,0,0,0,0,0
1151,6.86115663147935,33.3142,0,0,0,0,0,0,0,0
1152,6.861171868833594,33.6114,0,0,0,0,0,0,0,0
1153,6.8623133434965045,66.4039,0,0,0,0,0,0,0,0
1154,6.861933483315987,55.3982,0,0,0,0,0,0,0,0
1155,6.861933483315987,55.3982,0,0,0,0,0,0,0,0
1156,6.861543854948529,44.3969,0,0,0,0,0,0,0,0
1157,6.861171439858414,33.6069,0,0,0,0,0,0,0,0
1158,6.861223669284776,35.151,0,0,0,0,0,0,0,0
1159,6.861481017228667,42.4039,0,0,0,0,0,0,0,0
1160,6.861860877409185,53.4096,0,0,0,0,0,0,0,0
1161,6.861151063377974,33.1624,0,0,0,0,0,0,0,0
1162,6.861086044232156,31.1684,0,0,0,0,0,0,0,0
1163,6.861135595046408,32.6857,0,0,0,0,0,0,0,0
1164,6.861457962136118,41.9326,0,0,0,0,0,0,0,0
1165,6.861133326731359,32.6036,0,0,0,0,0,0,0,0
1166,6.8623133434965045,66.4039,0,0,0,0,0,0,0,0
1167,6.861910428223437,54.9269,0,0,0,0,0,0,0,0
1168,6.861910428223437,54.9269,0,0,0,0,0,0,0,0
1169,6.861137827866992,32.7782,0,0,0,0,0,0,0,0
1170,6.861522211248133,43.6246,0,0,0,0,0,0,0,0
1171,6.861132867790381,32.5883,0,0,0,0,0,0,0,0
1172,6.8623133434965045,66.4039,0,0,0,0,0,0,0,0
1173,6.861914929359072,55.1015,0,0,0,0,0,0,0,0
1174,6.861914929359072,55.1015,0,0,0,0,0,0,0,0
1175,6.861129259478947,32.3912,0,0,0,0,0,0,0,0
1176,6.861523104072333,43.6021,0,0,0,0,0,0,0,0
1177,6.8610968342012875,31.358,0,0,0,0,0,0,0,0
1178,6.861911321047637,54.9044,0,0,0,0,0,0,0,0
1179,6.8623133434965045,66.4039,0,0,0,0,0,0,0,0
1180,6.861911321047637,54.9044,0,0,0,0,0,0,0,0
1181,7.603188158035619,73.6694,0,0,0,0,0,0,0,0
1182,7.264898682393079,58.7231,0,0,0,0,0,0,0,0
1183,7.988591278743513,65.8201,0,0,0,0,0,0,0,0
1184,6.997545152548717,44.6057,0,0,0,0,0,0,0,0
1185,7.442055266197757,36.922,0,0,0,0,0,0,0,0
1186,8.056181345845848,43.7993,0,0,0,0,0,0,0,0
1187,9.081698619519234,58.2184,0,0,0,0,0,0,0,0
1188,8.558539586217687,48.3028,0,0,0,0,0,0,0,0
1189,8.152660043472803,55.3773,0,0,0,0,0,0,0,0
1190,8.490949519115354,70.3236,0,0,0,0,0,0,0,0
1191,9.418050875378787,65.524,0,0,0,0,0,0,0,0
1192,8.991360342542068,67.1863,0,0,0,0,0,0,0,0
1193,9.050563153574359,87.8633,0,0,0,0,0,0,0,0
1194,8.827291577812774,77.6291,0,0,0,0,0,0,0,0
1195,9.550984174163212,84.7261,0,0,0,0,0,0,0,0
1196,9.851075723170824,77.4004,0,0,0,0,0,0,0,0
1197,10.074347298932416,87.6346,0,0,0,0,0,0,0,0
1198,10.497917754788842,102.057,0,0,0,0,0,0,0,0
1199,10.798039895282852,94.7316,0,0,0,0,0,0,0,0
1200,10.53647921289418,69.0977,0,0,0,0,0,0,0,0
1201,9.941414000147988,68.4325,0,0,0,0,0,0,0,0
1202,11.004567075067198,84.1633,0,0,0,0,0,0,0,0
1203,11.189860443437071,96.249,0,0,0,0,0,0,0,0
1204,11.398123227605758,110.885,0,0,0,0,0,0,0,0
1205,11.506084638243658,99.3501,0,0,0,0,0,0,0,0
1206,11.4105191427172,69.9126,0,0,0,0,0,0,0,0
1207,11.075118501392963,72.0549,0,0,0,0,0,0,0,0
1208,12.030551222894669,117.087,0,0,0,0,0,0,0,0
1209,11.809302409589112,101.201,0,0,0,0,0,0,0,0
1210,12.125516407233569,104.302,0,0,0,0,0,0,0,0
1211,11.601049822582556,86.5651,0,0,0,0,0,0,0,0
1212,12.044497945725048,77.3445,0,0,0,0,0,0,0,0
1213,11.713747111224786,71.7636,0,0,0,0,0,0,0,0
1214,12.131930633686954,89.334,0,0,0,0,0,0,0,0
1215,12.3531794469925,105.22,0,0,0,0,0,0,0,0
1216,12.424904709990711,83.1058,0,0,0,0,0,0,0,0
1217,12.272150788321852,78.2624,0,0,0,0,0,0,0,0
1218,12.471180315887175,93.9275,0,0,0,0,0,0,0,0
1219,12.467876223883383,108.926,0,0,0,0,0,0,0,0
1220,12.527866819964004,121.964,0,0,0,0,0,0,0,0
1221,12.643879242243372,110.652,0,0,0,0,0,0,0,0
1222,12.652158231909564,86.5304,0,0,0,0,0,0,0,0
1223,12.537582448779887,86.792,0,0,0,0,0,0,0,0
1224,12.879872856683985,125.416,0,0,0,0,0,0,0,0
1225,12.790721444106676,111.901,0,0,0,0,0,0,0,0
1226,12.966724462466665,113.627,0,0,0,0,0,0,0,0
1227,12.730761439512442,98.8633,0,0,0,0,0,0,0,0
1228,12.94129282842562,87.6467,0,0,0,0,0,0,0,0
1229,12.799071813907783,87.7801,0,0,0,0,0,0,0,0
1230,13.037633873483783,100.865,0,0,0,0,0,0,0,0
1231,13.126785286061082,114.38,0,0,0,0,0,0,0,0
1232,13.231878893403966,128.868,0,0,0,0,0,0,0,0
1233,13.302788304421073,116.106,0,0,0,0,0,0,0,0
1234,13.254872581625683,87.7988,0,0,0,0,0,0,0,0
1235,13.101272074723,88.3989,0,0,0,0,0,0,0,0
1236,13.583884930123945,132.32,0,0,0,0,0,0,0,0
1237,13.467938399836138,116.648,0,0,0,0,0,0,0,0
1238,13.643941418196126,118.374,0,0,0,0,0,0,0,0
1239,13.362844792493256,102.16,0,0,0,0,0,0,0,0
1240,13.587991012858328,87.3926,0,0,0,0,0,0,0,0
1241,13.420043071365006,88.341,0,0,0,0,0,0,0,0
1242,13.884701212952436,135.27,0,0,0,0,0,0,0,0
1243,13.79250909560184,118.881,0,0,0,0,0,0,0,0
1244,13.913039551975832,120.063,0,0,0,0,0,0,0,0
1245,13.685536067988235,103.297,0,0,0,0,0,0,0,0
1246,13.844236051012068,91.5618,0,0,0,0,0,0,0,0
1247,13.745501601451856,87.9873,0,0,0,0,0,0,0,0
1248,13.908513243289338,99.8976,0,0,0,0,0,0,0,0
1249,14.000746149288446,116.287,0,0,0,0,0,0,0,0
1250,13.988000610250687,83.9547,0,0,0,0,0,0,0,0
1251,13.931932451162552,87.7857,0,0,0,0,0,0,0,0
1252,14.06017048377593,87.0664,0,0,0,0,0,0,0,0
1253,14.151978338886082,92.6788,0,0,0,0,0,0,0,0
1254,14.088027695712105,101.734,0,0,0,0,0,0,0,0
1255,14.245802527279153,94.9256,0,0,0,0,0,0,0,0
1256,14.125864097321715,137.635,0,0,0,0,0,0,0,0
1257,14.092513215750078,121.899,0,0,0,0,0,0,0,0
1258,14.21304367212407,123.081,0,0,0,0,0,0,0,0
1259,14.353572017906085,97.3348,0,0,0,0,0,0,0,0
1260,14.287543858476413,109.755,0,0,0,0,0,0,0,0
1261,14.46219221664148,99.3712,0,0,0,0,0,0,0,0
1262,14.32089474004804,125.491,0,0,0,0,0,0,0,0
1263,14.366925010069698,139.999,0,0,0,0,0,0,0,0
1264,14.441425196422031,126.673,0,0,0,0,0,0,0,0
1265,14.60798592281768,142.363,0,0,0,0,0,0,0,0
1266,14.552727506294453,128.87,0,0,0,0,0,0,0,0
1267,14.673257962668442,130.052,0,0,0,0,0,0,0,0
1268,14.573474132189641,101.568,0,0,0,0,0,0,0,0
1269,14.506595264651507,114.361,0,0,0,0,0,0,0,0
1270,14.691765470006683,105.047,0,0,0,0,0,0,0,0
1271,14.849046835565662,144.727,0,0,0,0,0,0,0,0
1272,14.765148670573476,132.945,0,0,0,0,0,0,0,0
1273,14.885679126947469,134.127,0,0,0,0,0,0,0,0
1274,14.783656177911709,107.94,0,0,0,0,0,0,0,0
1275,14.709890254050249,119.452,0,0,0,0,0,0,0,0
1276,14.864569546970612,117.262,0,0,0,0,0,0,0,0
1277,14.948467711962799,129.044,0,0,0,0,0,0,0,0
1278,14.949255723419803,99.7774,0,0,0,0,0,0,0,0
1279,14.846444762927035,102.857,0,0,0,0,0,0,0,0
1280,15.223533251377367,99.3011,0,0,0,0,0,0,0,0
1281,15.131117210409368,96.4731,0,0,0,0,0,0,0,0
1282,15.090107748313645,147.091,0,0,0,0,0,0,0,0
1283,15.049362063476906,128.827,0,0,0,0,0,0,0,0
1284,15.169892519850896,130.009,0,0,0,0,0,0,0,0
1285,15.02825248350005,111.962,0,0,0,0,0,0,0,0
1286,15.050109286285394,99.56,0,0,0,0,0,0,0,0
1287,15.284027909552186,103.039,0,0,0,0,0,0,0,0
1288,15.239209898301835,115.969,0,0,0,0,0,0,0,0
1289,15.336784051626832,107.883,0,0,0,0,0,0,0,0
1290,15.258949429151228,134.027,0,0,0,0,0,0,0,0
1291,15.27783750312288,148.932,0,0,0,0,0,0,0,0
1292,15.316461423563185,134.591,0,0,0,0,0,0,0,0
1293,15.39286149194679,150.06,0,0,0,0,0,0,0,0
1294,15.369183302627029,137.526,0,0,0,0,0,0,0,0
1295,15.426695297038982,138.09,0,0,0,0,0,0,0,0
1296,15.389505930690685,110.818,0,0,0,0,0,0,0,0
1297,15.350397200276673,122.622,0,0,0,0,0,0,0,0
1298,15.437588796107164,116.025,0,0,0,0,0,0,0,0
1299,15.507783509149405,151.187,0,0,0,0,0,0,0,0
1300,15.468714407947184,140.803,0,0,0,0,0,0,0,0
1301,15.526124430737843,141.366,0,0,0,0,0,0,0,0
1302,15.479607907015366,118.738,0,0,0,0,0,0,0,0
1303,15.445036218627429,128.269,0,0,0,0,0,0,0,0
1304,15.515713230262474,125.752,0,0,0,0,0,0,0,0
1305,15.554782331464695,136.136,0,0,0,0,0,0,0,0
1306,15.55074612491376,107.903,0,0,0,0,0,0,0,0
1307,15.508265807742209,113.508,0,0,0,0,0,0,0,0
1308,15.686159683962742,105.124,0,0,0,0,0,0,0,0
1309,15.639085990195746,103.143,0,0,0,0,0,0,0,0
1310,15.622807497973314,152.315,0,0,0,0,0,0,0,0
1311,15.602445500718865,134.944,0,0,0,0,0,0,0,0
1312,15.659957495130822,135.508,0,0,0,0,0,0,0,0
1313,15.59193232862219,119.329,0,0,0,0,0,0,0,0
1314,15.59840929416793,106.711,0,0,0,0,0,0,0,0
1315,15.705580696719657,108.81,0,0,0,0,0,0,0,0
1316,15.699193329424617,122.217,0,0,0,0,0,0,0,0
1317,15.650259264628438,114.691,0,0,0,0,0,0,0,0
1318,15.719555326679064,139.588,0,0,0,0,0,0,0,0
1319,15.715907588218199,153.228,0,0,0,0,0,0,0,0
1320,15.678970621402543,139.19,0,0,0,0,0,0,0,0
1321,15.608533829318148,117.944,0,0,0,0,0,0,0,0
1322,15.653027547487557,128.922,0,0,0,0,0,0,0,0
1323,15.61046893179628,152.194,0,0,0,0,0,0,0,0
1324,15.637245186092255,142.443,0,0,0,0,0,0,0,0
1325,15.584525857881294,141.926,0,0,0,0,0,0,0,0
1326,15.505030275374363,151.16,0,0,0,0,0,0,0,0
1327,15.54650807096654,139.404,0,0,0,0,0,0,0,0
1328,15.493788742755582,138.887,0,0,0,0,0,0,0,0
1329,15.573284325262524,129.653,0,0,0,0,0,0,0,0
1330,15.525965193142412,115.899,0,0,0,0,0,0,0,0
1331,15.570516042403394,115.422,0,0,0,0,0,0,0,0
1332,15.501944555301494,123.537,0,0,0,0,0,0,0,0
1333,15.460364788088016,135.292,0,0,0,0,0,0,0,0
1334,15.457209338068466,108.177,0,0,0,0,0,0,0,0
1335,15.492541238474846,112.304,0,0,0,0,0,0,0,0
1336,15.399591618952446,150.126,0,0,0,0,0,0,0,0
1337,15.42233288013599,135.758,0,0,0,0,0,0,0,0
1338,15.369613551925031,135.241,0,0,0,0,0,0,0,0
1339,15.430488692681898,120.408,0,0,0,0,0,0,0,0
1340,15.369100519473069,105.013,0,0,0,0,0,0,0,0
1341,15.419177430116436,108.643,0,0,0,0,0,0,0,0
1342,15.344033287959165,120.188,0,0,0,0,0,0,0,0
1343,15.321190055154325,134.555,0,0,0,0,0,0,0,0
1344,15.294152962530529,149.092,0,0,0,0,0,0,0,0
1345,15.268470726943367,134.038,0,0,0,0,0,0,0,0
1346,15.276418100581935,107.044,0,0,0,0,0,0,0,0
1347,15.320677022702373,104.327,0,0,0,0,0,0,0,0
1348,15.077887261954208,100.302,0,0,0,0,0,0,0,0
1349,15.192918626441505,99.4328,0,0,0,0,0,0,0,0
1350,15.185451214227081,148.026,0,0,0,0,0,0,0,0
1351,15.215499186368893,131.402,0,0,0,0,0,0,0,0
1352,15.105063920503383,130.319,0,0,0,0,0,0,0,0
1353,15.242536278992688,116.865,0,0,0,0,0,0,0,0
1354,15.223446560007464,104.408,0,0,0,0,0,0,0,0
1355,14.852717813932383,144.763,0,0,0,0,0,0,0,0
1356,14.937598098615421,130.547,0,0,0,0,0,0,0,0
1357,14.77128238427872,128.916,0,0,0,0,0,0,0,0
1358,14.910421440066244,100.53,0,0,0,0,0,0,0,0
1359,15.023526519228424,114.471,0,0,0,0,0,0,0,0
1360,14.742576075442004,99.9591,0,0,0,0,0,0,0,0
1361,14.63769397929045,99.0453,0,0,0,0,0,0,0,0
1362,14.751260178485945,113.786,0,0,0,0,0,0,0,0
1363,14.666379893802908,128.002,0,0,0,0,0,0,0,0
1364,14.271470030520577,96.6322,0,0,0,0,0,0,0,0
1365,14.387129073308188,94.5614,0,0,0,0,0,0,0,0
1366,14.530012308235618,110.668,0,0,0,0,0,0,0,0
1367,14.550034514028392,125.798,0,0,0,0,0,0,0,0
1368,14.519984413637685,141.5,0,0,0,0,0,0,0,0
1369,14.383718799691692,124.167,0,0,0,0,0,0,0,0
1370,14.521409782488703,96.8419,0,0,0,0,0,0,0,0
1371,14.110169759479401,98.764,0,0,0,0,0,0,0,0
1372,14.252489023365472,110.597,0,0,0,0,0,0,0,0
1373,13.942931765806666,101.363,0,0,0,0,0,0,0,0
1374,14.187251013342987,138.237,0,0,0,0,0,0,0,0
1375,14.222438922974767,126.299,0,0,0,0,0,0,0,0
1376,14.056021237016768,124.667,0,0,0,0,0,0,0,0
1377,13.713566592533564,102.333,0,0,0,0,0,0,0,0
1378,13.96289785008156,114.69,0,0,0,0,0,0,0,0
1379,13.92770994044978,126.628,0,0,0,0,0,0,0,0
1380,13.788847888932512,134.33,0,0,0,0,0,0,0,0
1381,13.610986084698837,123.522,0,0,0,0,0,0,0,0
1382,13.152748915276879,128.092,0,0,0,0,0,0,0,0
1383,13.365422632424142,119.347,0,0,0,0,0,0,0,0
1384,13.047373145596325,116.228,0,0,0,0,0,0,0,0
1385,13.505610315018282,111.658,0,0,0,0,0,0,0,0
1386,13.180151895035042,96.1713,0,0,0,0,0,0,0,0
1387,13.467992943096739,98.1579,0,0,0,0,0,0,0,0
1388,12.516751913242546,121.855,0,0,0,0,0,0,0,0
1389,12.780970387498629,112.09,0,0,0,0,0,0,0,0
1390,12.46302287229211,108.972,0,0,0,0,0,0,0,0
1391,12.99364410464589,103.345,0,0,0,0,0,0,0,0
1392,12.696015296744461,85.6614,0,0,0,0,0,0,0,0
1393,12.913779728423737,92.0336,0,0,0,0,0,0,0,0
1394,12.516276836647076,93.1526,0,0,0,0,0,0,0,0
1395,12.251997179418215,102.917,0,0,0,0,0,0,0,0
1396,12.214308082057784,73.3188,0,0,0,0,0,0,0,0
1397,12.484979406708437,79.6063,0,0,0,0,0,0,0,0
1398,12.058644909365842,86.4991,0,0,0,0,0,0,0,0
1399,12.005339959200217,102.318,0,0,0,0,0,0,0,0
1400,11.880652939586913,115.617,0,0,0,0,0,0,0,0
1401,11.584594852563395,98.1919,0,0,0,0,0,0,0,0
1402,11.546199448791883,70.2518,0,0,0,0,0,0,0,0
1403,11.967712044812574,72.7204,0,0,0,0,0,0,0,0
1404,10.20788878005403,65.215,0,0,0,0,0,0,0,0
1405,10.545025434632329,61.7902,0,0,0,0,0,0,0,0
1406,11.233383113205342,80.7548,0,0,0,0,0,0,0,0
1407,11.013016121328318,93.1155,0,0,0,0,0,0,0,0
1408,10.803220788954434,105.051,0,0,0,0,0,0,0,0
1409,10.452019246758512,87.614,0,0,0,0,0,0,0,0
1410,10.974630914718926,65.1755,0,0,0,0,0,0,0,0
1411,9.681247434139078,94.0482,0,0,0,0,0,0,0,0
1412,9.996895571366903,88.0215,0,0,0,0,0,0,0,0
1413,9.435898696797093,82.52,0,0,0,0,0,0,0,0
1414,10.206680706578645,76.0859,0,0,0,0,0,0,0,0
1415,9.75275490750029,65.6224,0,0,0,0,0,0,0,0
1416,8.559253684999463,83.0452,0,0,0,0,0,0,0,0
1417,9.049854069510726,76.2449,0,0,0,0,0,0,0,0
1418,8.488857194940916,70.7434,0,0,0,0,0,0,0,0
1419,9.365502206738546,70.2182,0,0,0,0,0,0,0,0
1420,9.36671028021393,59.3473,0,0,0,0,0,0,0,0
1421,8.964552629772596,50.3787,0,0,0,0,0,0,0,0
1422,8.641233625868734,56.7267,0,0,0,0,0,0,0,0
1423,8.150643438519594,63.5271,0,0,0,0,0,0,0,0
1424,8.626338873351273,43.1624,0,0,0,0,0,0,0,0
1425,8.19931039555356,37.2511,0,0,0,0,0,0,0,0
1426,7.43727013302198,72.0423,0,0,0,0,0,0,0,0
1427,7.74518195809163,60.9016,0,0,0,0,0,0,0,0
1428,7.184185083521823,55.4001,0,0,0,0,0,0,0,0
1429,7.897558389019447,46.8849,0,0,0,0,0,0,0,0
1430,7.793848915125595,34.6256,0,0,0,0,0,0,0,0
1431,7.38505317811652,31.8147,0,0,0,0,0,0,0,0
1432,6.946744672043367,35.9295,0,0,0,0,0,0,0,0
1433,6.664652061486319,47.3234,0,0,0,0,0,0,0,0
1434,6.665242988176391,64.4713,0,0,0,0,0,0,0,0
1435,6.664652061486319,47.3234,0,0,0,0,0,0,0,0
1436,6.663525468817058,15.0877,0,0,0,0,0,0,0,0
1437,6.663525468817058,15.0877,0,0,0,0,0,0,0,0
1438,6.663,0.0,0,0,0,0,0,0,0,0
1439,6.839700941568405,23.4848,0,0,0,0,0,0,0,0
1440,6.663574780030052,16.4004,0,0,0,0,0,0,0,0
1441,6.66410024884711,31.4881,0,0,0,0,0,0,0,0
1442,6.663,0.0,0,0,0,0,0,0,0,0
1443,6.663574780030052,16.4004,0,0,0,0,0,0,0,0
1444,6.6646911755371825,48.636,0,0,0,0,0,0,0,0
1445,6.665242988176391,64.4713,0,0,0,0,0,0,0,0
1446,6.6646911755371825,48.636,0,0,0,0,0,0,0,0
1447,6.665242988176391,64.4713,0,0,0,0,0,0,0,0
1448,6.66477587765649,51.0788,0,0,0,0,0,0,0,0
1449,6.66477587765649,51.0788,0,0,0,0,0,0,0,0
1450,6.664224065017281,35.2435,0,0,0,0,0,0,0,0
1451,6.6636594821493595,18.8432,0,0,0,0,0,0,0,0
1452,6.664118657336218,32.1873,0,0,0,0,0,0,0,0
1453,6.664585767856117,45.5798,0,0,0,0,0,0,0,0
1454,6.663469372348987,13.3442,0,0,0,0,0,0,0,0
1455,6.663469372348987,13.3442,0,0,0,0,0,0,0,0
1456,6.663,0.0,0,0,0,0,0,0,0,0
1457,6.6640097522548825,28.9861,0,0,0,0,0,0,0,0
1458,6.664666972575156,47.8776,0,0,0,0,0,0,0,0
1459,6.665242988176391,64.4713,0,0,0,0,0,0,0,0
1460,6.664666972575156,47.8776,0,0,0,0,0,0,0,0
1461,6.663540379905896,15.6419,0,0,0,0,0,0,0,0
1462,6.663540379905896,15.6419,0,0,0,0,0,0,0,0
1463,6.663,0.0,0,0,0,0,0,0,0,0
1464,6.664100888100001,31.6781,0,0,0,0,0,0,0,0
1465,6.6646769037012366,48.2718,0,0,0,0,0,0,0,0
1466,6.665242988176391,64.4713,0,0,0,0,0,0,0,0
1467,6.6646769037012366,48.2718,0,0,0,0,0,0,0,0
1468,6.663560508194106,16.0362,0,0,0,0,0,0,0,0
1469,6.663560508194106,16.0362,0,0,0,0,0,0,0,0
1470,6.663,0.0,0,0,0,0,0,0,0,0
1471,6.664119794572201,32.14,0,0,0,0,0,0,0,0
1472,6.664685879047357,48.3395,0,0,0,0,0,0,0,0
1473,6.665242988176391,64.4713,0,0,0,0,0,0,0,0
1474,6.664685879047357,48.3395,0,0,0,0,0,0,0,0
1475,6.663559286378096,16.1038,0,0,0,0,0,0,0,0
1476,6.663559286378096,16.1038,0,0,0,0,0,0,0,0
1477,6.663,0.0,0,0,0,0,0,0,0,0
1478,6.663562418994291,16.1154,0,0,0,0,0,0,0,0
1479,6.664121705372387,32.2192,0,0,0,0,0,0,0,0
1480,6.663,0.0,0,0,0,0,0,0,0,0
1481,6.663562418994291,16.1154,0,0,0,0,0,0,0,0
1482,6.664678814501421,48.351,0,0,0,0,0,0,0,0
1483,6.665242988176391,64.4713,0,0,0,0,0,0,0,0
1484,6.664678814501421,48.351,0,0,0,0,0,0,0,0
1485,6.664124461226416,32.2326,0,0,0,0,0,0,0,0
1486,6.6646886349013865,48.3529,0,0,0,0,0,0,0,0
1487,6.663562042232126,16.1172,0,0,0,0,0,0,0,0
1488,6.664121199494223,32.2349,0,0,0,0,0,0,0,0
1489,6.664685749931356,48.3534,0,0,0,0,0,0,0,0
1490,6.665242988176391,64.4713,0,0,0,0,0,0,0,0
1491,6.664685749931356,48.3534,0,0,0,0,0,0,0,0
1492,6.663559157262095,16.1177,0,0,0,0,0,0,0,0
1493,6.663559157262095,16.1177,0,0,0,0,0,0,0,0
1494,6.663,0.0,0,0,0,0,0,0,0,0
1495,6.664119267587791,32.2355,0,0,0,0,0,0,0,0
1496,6.664686702994955,48.3535,0,0,0,0,0,0,0,0
1497,6.665242988176391,64.4713,0,0,0,0,0,0,0,0
1498,6.664686702994955,48.3535,0,0,0,0,0,0,0,0
1499,6.663560110325695,16.1178,0,0,0,0,0,0,0,0
1500,6.663560110325695,16.1178,0,0,0,0,0,0,0,0
1501,6.663,0.0,0,0,0,0,0,0,0,0
1502,6.66411862684128,32.2356,0,0,0,0,0,0,0,0
1503,6.664685109184846,48.3535,0,0,0,0,0,0,0,0
1504,6.663558516515585,16.1178,0,0,0,0,0,0,0,0
1505,6.664685109184846,48.3535,0,0,0,0,0,0,0,0
1506,6.665242988176391,64.4713,0,0,0,0,0,0,0,0
1507,6.664684790422825,48.3535,0,0,0,0,0,0,0,0
1508,6.66412691143128,32.2357,0,0,0,0,0,0,0,0
1509,6.663558516515585,16.1178,0,0,0,0,0,0,0,0
1510,6.663558197753565,16.1178,0,0,0,0,0,0,0,0
1511,6.663,0.0,0,0,0,0,0,0,0,0
# Imported from RS2 vendor .fea nodal pore-pressure field
